ADseq,Generation,NetCharge,Hydrophobicity,Length,AA_A,AA_C,AA_D,AA_E,AA_F,AA_G,AA_H,AA_I,AA_K,AA_L,AA_M,AA_N,AA_P,AA_Q,AA_R,AA_S,AA_T,AA_V,AA_W,AA_Y,W..LF,WFYL_WFYL,WFL_WFL,DE_WFY,DE_WF,DE_L,DE_x_WFY,DE_xx_WFY,FF,F_F,F__F,FY_5x_FY,SP,WFYL_3x_WFYL,Activity_SCgalactose
DENDTLAMKRRRNTSAARKSRQRKMQRFDELEDKIVKLEA,5,4,-62.10000000000001,40,4,0,4,4,1,0,0,1,5,3,2,2,0,2,7,2,2,1,0,0,0,0,0,0,0,1,0,0,0,0,0,0,0,0,158936.88346369987
DNNDTVDMKRARNTLIARKIRQRKMQRFDELEDKIAKLEA,5,3,-50.50000000000001,40,4,0,5,3,1,0,0,3,5,3,2,3,0,2,6,0,2,1,0,0,0,0,0,0,0,1,0,0,0,0,0,0,0,0,156832.62704249992
RPNCTVAMKRRRNTLAARKSRQKKMQRFDELEDKIAKLEA,5,8,-52.00000000000001,40,5,1,2,3,1,0,0,1,6,3,2,2,1,2,7,1,2,1,0,0,0,0,0,0,0,1,0,0,0,0,0,0,0,0,149743.7406867999
DPNNTVAMKRAKNTLAARKLRNRKMQRFDELEDKIAKLEA,4,5,-46.10000000000001,40,6,0,3,3,1,0,0,1,6,4,2,4,1,1,5,0,2,1,0,0,0,0,0,0,0,1,0,0,0,0,0,0,0,0,145624.3432214
YHNDTVAMKRARNTLAARKIRQRKMQRVDELEDKIAKLEA,5,5,-44.0,40,6,0,3,3,0,0,1,2,5,3,2,2,0,2,6,0,2,2,0,1,0,0,0,0,0,1,0,0,0,0,0,0,0,0,144572.24697489993
DDNDMVPMKRARNTLAARKSRQRKMQRFDELEDKIMKLEA,4,3,-53.900000000000006,40,4,0,5,3,1,0,0,1,5,3,4,2,1,2,6,1,1,1,0,0,0,0,0,0,0,1,0,0,0,0,0,0,0,0,143795.85387549992
DPNDEVAFKRARNTLAARKSDQRHRQRFDELEDKIAKLEA,5,1,-57.900000000000006,40,6,0,5,4,2,0,1,1,4,3,0,2,1,2,6,1,1,1,0,0,0,0,0,0,0,1,0,1,0,0,0,0,0,0,143601.16886979993
DPNDEVAFKRARNTLAARKSDQRKRQRFDELEDKIAKLEA,4,2,-58.6,40,6,0,5,4,2,0,0,1,5,3,0,2,1,2,6,1,1,1,0,0,0,0,0,0,0,1,0,1,0,0,0,0,0,0,140366.63879159995
DPLDTWLMKRARNTLAARKWRQRKMQRFDELEDKIATLEA,5,3,-44.000000000000014,40,5,0,4,3,1,0,0,1,4,5,2,1,1,2,6,0,3,0,2,0,0,1,1,0,0,1,1,0,0,0,0,0,0,0,137247.19491259995
DDNDTVAMKRKRNTLAARKSRQRKMQRFDELEDKINKLEA,3,4,-64.2,40,4,0,5,3,1,0,0,1,6,3,2,3,0,2,6,1,2,1,0,0,0,0,0,0,0,1,0,0,0,0,0,0,0,0,137144.05528419992
DPNDTVAMKRARNCRAARKRRQRKMQRHDELEDKIAKLEA,4,6,-66.10000000000002,40,6,1,4,3,0,0,1,1,5,2,2,2,1,2,8,0,1,1,0,0,0,0,0,0,0,1,0,0,0,0,0,0,0,0,136760.6892054999
DPNDTVAMKRAFNTLAARKCRRRKMQRFDELEDKIALLEA,5,3,-34.000000000000014,40,6,1,4,3,2,0,0,1,4,4,2,2,1,1,6,0,2,1,0,0,0,0,0,0,0,1,0,0,0,0,0,0,0,0,136152.61105429998
QPNDTVAMKRARNTLAARKVRQRKMQRLDELEDKIAKLEA,3,5,-45.30000000000001,40,6,0,3,3,0,0,0,1,5,4,2,2,1,3,6,0,2,2,0,0,0,0,0,0,0,1,0,0,0,0,0,0,0,0,135897.9010173999
DDNDSVAMKRQRNTLAARKSRQRKMQRDDELEDKIAKLEA,4,2,-64.90000000000002,40,5,0,6,3,0,0,0,1,5,3,2,2,0,3,6,2,1,1,0,0,0,0,0,0,0,1,0,0,0,0,0,0,0,0,135549.73021529993
DKNDTVAMKRARNTLCARKSRQRKMQRFDELEDKIAKLEA,2,5,-52.900000000000006,40,5,1,4,3,1,0,0,1,6,3,2,2,0,2,6,1,2,1,0,0,0,0,0,0,0,1,0,0,0,0,0,0,0,0,134223.29205579998
DPNDTVAMKRARNTLAARKSIQRKMQRFDELEDKIAILEA,2,2,-33.90000000000001,40,6,0,4,3,1,0,0,3,4,3,2,2,1,2,5,1,2,1,0,0,0,0,0,0,0,1,0,0,0,0,0,0,0,0,133234.50112359994
DPNPTVAMKRARNTLAARKRRTRKMQRFDELEDKIAKLEA,3,6,-50.300000000000004,40,6,0,3,3,1,0,0,1,5,3,2,2,2,1,7,0,3,1,0,0,0,0,0,0,0,1,0,0,0,0,0,0,0,0,132996.39288879992
DPNDTVPMKRKRNTLAARKMRQRKMTNFDELEDKIAKLEA,5,4,-53.900000000000006,40,4,0,4,3,1,0,0,1,6,3,3,3,2,1,5,0,3,1,0,0,0,0,0,0,0,1,0,0,0,0,0,0,0,0,132148.03813919995
DPNDTVAMKRARNTLAARKSRKRKEQRFDELEDKVAKLEA,3,4,-57.4,40,6,0,4,4,1,0,0,0,6,3,1,2,1,1,6,1,2,2,0,0,0,0,0,0,0,1,0,1,0,0,0,0,0,0,131292.46470709992
DPNDTVAMKRARNTAAARKSRQRKMQRFDELEDKIAYLEM,3,3,-50.60000000000001,40,6,0,4,3,1,0,0,1,4,2,3,2,1,2,6,1,2,1,0,1,0,0,0,0,0,1,0,0,0,0,0,0,0,0,131070.74316889998
DKNDTVAMKRARNCLAARKSRQRKMDRFDELEDKIAKLED,5,3,-55.7,40,5,1,6,3,1,0,0,1,6,3,2,2,0,1,6,1,1,1,0,0,0,0,0,0,0,1,1,0,0,0,0,0,0,0,130894.30774629988
DRNRTFAMKNARNTLAARKSRQRKMQSFDELEDKIAKLEA,5,5,-51.900000000000006,40,6,0,3,3,2,0,0,1,5,3,2,3,0,2,6,2,2,0,0,0,0,0,0,0,0,1,0,0,0,0,0,0,0,0,130886.2487456999
DPNDTVAMKRIRNTLAARKACQRKMQRFDELEMKIAKLEA,5,4,-33.599999999999994,40,6,1,3,3,1,0,0,2,5,3,3,2,1,2,5,0,2,1,0,0,0,0,0,0,0,1,0,0,0,0,0,0,0,0,130841.69829119997
DPNATVAMKRAKNVLAARKSRQRKMQRFDELEDKIAKLEA,3,5,-40.500000000000014,40,7,0,3,3,1,0,0,1,6,3,2,2,1,2,5,1,1,2,0,0,0,0,0,0,0,1,0,0,0,0,0,0,0,0,130692.6198695999
DPNDTVAFKRARNTLAARKSDQRKRQRFDELEDKIAKLEA,3,3,-55.800000000000004,40,6,0,5,3,2,0,0,1,5,3,0,2,1,2,6,1,2,1,0,0,0,0,0,0,0,1,0,0,0,0,0,0,0,0,130514.5512826999
TPGKTVAMKRARNTLAGRKTRQRKMQRFDELEDKIAKLEA,5,7,-47.90000000000001,40,5,0,2,3,1,2,0,1,6,3,2,1,1,2,6,0,4,1,0,0,0,0,0,0,0,1,0,0,0,0,0,0,0,0,130381.3210904
DPNDTVAMKRARNTLAARKRRQRKMQRFDELEDKIAKLEA,1,5,-55.00000000000001,40,6,0,4,3,1,0,0,1,5,3,2,2,1,2,7,0,2,1,0,0,0,0,0,0,0,1,0,0,0,0,0,0,0,0,130193.7369900999
DMNFTRAMKRARNTLTARKSRQRKMQRFDELEDKIAKLED,5,5,-58.0,40,4,0,4,3,2,0,0,1,5,3,3,2,0,2,7,1,3,0,0,0,0,0,0,0,0,1,0,1,0,0,0,0,0,0,129265.35914989999
DPNDTVKRKRARNTLAARKRRQRKMQRDDELEDKIAKLEA,4,6,-73.40000000000002,40,5,0,5,3,0,0,0,1,6,3,1,2,1,2,8,0,2,1,0,0,0,0,0,0,0,1,0,0,0,0,0,0,0,0,129082.2661415999
DPNSTVAMKRHRNTLSACKSRQRKMQRFDELEDKIAKLEA,4,4,-49.20000000000001,40,4,1,3,3,1,0,1,1,5,3,2,2,1,2,5,3,2,1,0,0,0,0,0,0,0,1,0,0,0,0,0,0,0,0,128626.70777901007
DPNDTVAHKTARNTLVARKSRQRKMQRIDELEDKIAKHEA,5,3,-55.5,40,5,0,4,3,0,0,2,2,5,2,1,2,1,2,5,1,3,2,0,0,0,0,0,0,0,1,0,0,0,0,0,0,0,0,128466.8346235999
QPNDTVAMKRARNTLAARKVRQRKMQRLDELESKIAKLEA,4,6,-42.60000000000001,40,6,0,2,3,0,0,0,1,5,4,2,2,1,3,6,1,2,2,0,0,0,0,0,0,0,1,0,0,0,0,0,0,0,0,128332.75955239995
DPNMTVAMKRKRNTLAARKSRQRKMQRFDELEDKIAKLEH,3,6,-56.60000000000001,40,4,0,3,3,1,0,1,1,6,3,3,2,1,2,6,1,2,1,0,0,0,0,0,0,0,1,0,0,0,0,0,0,0,0,128304.6838347999
DPNDTVAMKRARNCLAARKRRQRKMQRHDELEDKIAKLEA,3,5,-57.80000000000001,40,6,1,4,3,0,0,1,1,5,3,2,2,1,2,7,0,1,1,0,0,0,0,0,0,0,1,0,0,0,0,0,0,0,0,128051.33031869987
DPNDTVARKRARNTQKARKSRQRKMQRFDELEDKIAKLEA,3,6,-70.70000000000002,40,5,0,4,3,1,0,0,1,6,2,1,2,1,3,7,1,2,1,0,0,0,0,0,0,0,1,0,0,0,0,0,0,0,0,128049.39370889991
DPNRTVAMKRRRNTLVARKSRQRKMQRFDGLEDKIAKYEA,5,8,-58.199999999999996,40,4,0,3,2,1,1,0,1,5,2,2,2,1,2,8,1,2,2,0,1,0,0,0,0,0,0,0,0,0,0,0,0,0,0,127917.20187519996
DPNTTVNMKRARNTLAARKSRQRKMQRCDELEDKFAKLEM,5,5,-55.7,40,4,1,3,3,1,0,0,0,5,3,3,3,1,2,6,1,3,1,0,0,0,0,0,0,0,1,1,1,0,0,0,0,0,0,127113.90807679995
DPNDTVAMKRCRNQLRARKSRQRKMQRFDRLEDKIAKLEA,4,7,-60.70000000000001,40,4,1,4,2,1,0,0,1,5,3,2,2,1,3,8,1,1,1,0,0,0,0,0,0,0,0,0,0,0,0,0,0,0,0,127091.15709869991
DPNDIQAEKRARNTLAARKIRQRKMQRFDELEDKIFKLEA,5,3,-52.900000000000006,40,5,0,4,4,2,0,0,3,5,3,1,2,1,3,6,0,1,0,0,0,0,0,0,0,0,1,0,1,0,0,0,0,0,0,126942.60353779994
DPNDTVAMKRARNTLAARKRRQRKMQRFDELDDKIAKLEA,2,5,-55.00000000000001,40,6,0,5,2,1,0,0,1,5,3,2,2,1,2,7,0,2,1,0,0,0,0,0,0,0,1,0,0,0,0,0,0,0,0,126676.93260479989
DPNDTVAMKRARNTLAARKSRQRKMQKFDTLEDKVAKLEA,3,5,-48.20000000000001,40,6,0,4,2,1,0,0,0,6,3,2,2,1,2,5,1,3,2,0,0,0,0,0,0,0,0,0,0,0,0,0,0,0,0,126449.37042599992
DPNDTVVMKHARNKLAARKSRQRKMNRNDELEDKIAKLEA,5,4,-57.1,40,5,0,4,3,0,0,1,1,6,3,2,4,1,1,5,1,1,2,0,0,0,0,0,0,0,1,0,0,0,0,0,0,0,0,126438.8612977
DPNDTVAMKHARNTLVARKMRQRKMQRFDELEDKIAKLEA,4,3,-44.900000000000006,40,5,0,4,3,1,0,1,1,5,3,3,2,1,2,5,0,2,2,0,0,0,0,0,0,0,1,0,0,0,0,0,0,0,0,126220.28205759998
RPNDTVAMKRARNILLARKSRQRKMQRFDELEDKIAVLEA,5,5,-37.00000000000001,40,5,0,3,3,1,0,0,2,4,4,2,2,1,2,7,1,1,2,0,0,0,0,0,0,0,1,0,0,0,0,0,0,0,0,126212.11469369994
DPNDTVATKRARNGLAARKSRQRKMSMFDELEDKIAKLEK,5,4,-50.2,40,5,0,4,3,1,1,0,1,6,3,2,2,1,1,5,2,2,1,0,0,0,0,0,0,0,1,0,0,0,0,0,0,0,0,126156.18904969993
DPNDTVAMKIARNRLAARKSRQRKMQRYDELEDKIAVLEA,4,3,-42.1,40,6,0,4,3,0,0,0,2,4,3,2,2,1,2,6,1,1,2,0,1,0,0,0,0,0,1,0,0,0,0,0,0,0,0,125788.91402129995
DPNDTVAMKRARNTLLARKSRQRKMQRTDELEDKIAYLEA,3,3,-50.20000000000001,40,5,0,4,3,0,0,0,1,4,4,2,2,1,2,6,1,3,1,0,1,0,0,0,0,0,1,0,0,0,0,0,0,0,0,125738.80375179999
IPNDTVAMKRARNTLAARKRRQRKMQRFDELEDKIAKLEA,2,6,-47.000000000000014,40,6,0,3,3,1,0,0,2,5,3,2,2,1,2,7,0,2,1,0,0,0,0,0,0,0,1,0,0,0,0,0,0,0,0,125357.94769119991
DNNDTKKMKRARNTLAARKSRQRKMQRFDELEDEIAKLEA,4,4,-66.60000000000002,40,5,0,4,4,1,0,0,1,6,3,2,3,0,2,6,1,2,0,0,0,0,0,0,0,0,1,0,0,0,0,0,0,0,0,125271.51592479991
LPFDTVAMKRARNHLAARKSRQRKMQRFDELEDKIAYLEA,4,4,-37.600000000000016,40,6,0,3,3,2,0,1,1,4,4,2,1,1,2,6,1,1,1,0,1,0,0,0,0,0,1,0,0,0,0,0,0,0,0,124481.97828979994
DPNDTVAMKRARNTLAARKSRQRKMQRNDELEDKVAKLEA,2,4,-57.900000000000006,40,6,0,4,3,0,0,0,0,5,3,2,3,1,2,6,1,2,2,0,0,0,0,0,0,0,1,0,0,0,0,0,0,0,0,124428.18558909991
DPNDTVAMKRIRNCLPARKSRCRKMQRFDELEDKIAKLEA,4,4,-42.80000000000001,40,4,2,4,3,1,0,0,2,5,3,2,2,2,1,6,1,1,1,0,0,0,0,0,0,0,1,0,0,0,0,0,0,0,0,124399.11978520005
DKNDTVAMKRARNSLAARKSRQRKMGRFDELEDKIAKLED,5,4,-55.9,40,5,0,5,3,1,1,0,1,6,3,2,2,0,1,6,2,1,1,0,0,0,0,0,0,0,1,0,0,0,0,0,0,0,0,124256.15706199995
DPNCTVAMKRVRNTLAARKSRQRKMQRFDELEDKIAILEA,3,4,-34.500000000000014,40,5,1,3,3,1,0,0,2,4,3,2,2,1,2,6,1,2,2,0,0,0,0,0,0,0,1,0,0,0,0,0,0,0,0,124182.06340999996
DPNDTVAMKRARNTLAARKRRQRKMQRFDELEDKIAKLPA,2,6,-53.10000000000001,40,6,0,4,2,1,0,0,1,5,3,2,2,2,2,7,0,2,1,0,0,0,0,0,0,0,1,0,0,0,0,0,0,0,0,124106.63869299993
DPNDTVKMKRARNTLAARKRRQRKMQRFDELEDKIAKLEA,2,6,-60.70000000000001,40,5,0,4,3,1,0,0,1,6,3,2,2,1,2,7,0,2,1,0,0,0,0,0,0,0,1,0,0,0,0,0,0,0,0,124059.91346619994
DPNDTVAMKRARNTLAARKRRQRKMSRFDELEDKIAKLEA,2,5,-52.300000000000004,40,6,0,4,3,1,0,0,1,5,3,2,2,1,1,7,1,2,1,0,0,0,0,0,0,0,1,0,0,0,0,0,0,0,0,123532.50724879993
DPNDTVAMKRARNTLAARKMRQRKMQRFDELEDKIAKLEP,4,4,-52.00000000000001,40,5,0,4,3,1,0,0,1,5,3,3,2,2,2,6,0,2,1,0,0,0,0,0,0,0,1,0,0,0,0,0,0,0,0,123431.57559639994
DPNDTVASKRARNTLCARKSRQRKMQRFDELEDKIAKLNA,3,5,-53.300000000000004,40,5,1,4,2,1,0,0,1,5,3,1,3,1,2,6,2,2,1,0,0,0,0,0,0,0,1,0,0,0,0,0,0,0,0,123421.60720479996
DKNDTVAMKRARNSLAARKSRQRKMDRFDELEDKIIKLED,5,3,-56.3,40,4,0,6,3,1,0,0,2,6,3,2,2,0,1,6,2,1,1,0,0,0,0,0,0,0,1,1,0,0,0,0,0,0,0,123380.26178519994
DPNDTVAMKRARNKLAACKSRQRKMQRFDELEDKIAKLEA,2,4,-47.50000000000001,40,6,1,4,3,1,0,0,1,6,3,2,2,1,2,5,1,1,1,0,0,0,0,0,0,0,1,0,0,0,0,0,0,0,0,122806.0893465
DPNKTVAMKRARNTLAARKIRARKMQRFDMLEDKIAKLEA,4,7,-35.7,40,7,0,3,2,1,0,0,2,6,3,3,2,1,1,6,0,2,1,0,0,0,0,0,0,0,0,0,0,0,0,0,0,0,0,122753.71742219992
YPNDTVPMKRKRNTLAARKSRQRKMQNFDELEDKIAKLEA,5,5,-57.2,40,4,0,3,3,1,0,0,1,6,3,2,3,2,2,5,1,2,1,0,1,0,0,0,0,0,1,0,0,0,0,0,0,0,0,122709.41118650003
YPNDTVPMKRKRNTLAARKSRQRKMQNFDELEDKIAKLEA,4,5,-57.2,40,4,0,3,3,1,0,0,1,6,3,2,3,2,2,5,1,2,1,0,1,0,0,0,0,0,1,0,0,0,0,0,0,0,0,122709.41118650003
DPNDTVAMKRARNTLAARKKRQFKMQRFDELEDKNAKLEA,3,4,-55.10000000000001,40,6,0,4,3,2,0,0,0,6,3,2,3,1,2,5,0,2,1,0,0,0,0,0,0,0,1,0,0,0,0,0,0,0,0,122333.03285599993
DPNDTVAMKRARNTLAARKKRQRKMQRFDELEDKNAKLEA,2,5,-62.400000000000006,40,6,0,4,3,1,0,0,0,6,3,2,3,1,2,6,0,2,1,0,0,0,0,0,0,0,1,0,0,0,0,0,0,0,0,121985.45946789993
DPNDTVMMKRARNTLLARKSRQRKMQRTDELEDKIAYLEA,4,3,-50.1,40,4,0,4,3,0,0,0,1,4,4,3,2,1,2,6,1,3,1,0,1,0,0,0,0,0,1,0,0,0,0,0,0,0,0,121896.29559080001
DPNRTVFMKRARNTLAARKSRQRKMQRMDELEDKVAKLEA,4,6,-52.50000000000001,40,5,0,3,3,1,0,0,0,5,3,3,2,1,2,7,1,2,2,0,0,0,0,0,0,0,1,0,0,0,0,0,0,0,0,121239.4179092999
DPCDTVAFKRARNTLAARKSRARKMCRFDELEDKIAKLEA,5,4,-33.10000000000001,40,7,2,4,3,2,0,0,1,5,3,1,1,1,0,6,1,2,1,0,0,0,0,0,0,0,1,0,0,0,0,0,0,0,0,121225.9944985
DPNDTVKRKRARNTLAARKRRQRKMQRDDELEDKIAKAEA,5,6,-75.40000000000002,40,6,0,5,3,0,0,0,1,6,2,1,2,1,2,8,0,2,1,0,0,0,0,0,0,0,1,0,0,0,0,0,0,0,0,121019.6882541
DPLDTVAMKVARNTLAARKSRMRKMQRFDELEDKIAKLEA,3,3,-29.899999999999995,40,6,0,4,3,1,0,0,1,5,4,3,1,1,1,5,1,2,2,0,0,0,0,0,0,0,1,0,0,0,0,0,0,0,0,120960.49702479997
DPMATVAMKRAKNVLAARKSRQRKMQRFDELEDKIAKLEA,4,5,-35.10000000000001,40,7,0,3,3,1,0,0,1,6,3,3,1,1,2,5,1,1,2,0,0,0,0,0,0,0,1,0,0,0,0,0,0,0,0,120758.21892489985
DPNDTVAMKRERNTLALRKSRQRKMQRFFELEDKIAKLEA,3,4,-48.30000000000001,40,4,0,3,4,2,0,0,1,5,4,2,2,1,2,6,1,2,1,0,0,0,0,0,0,0,1,0,0,1,0,0,0,0,0,120695.13931819996
DPQDTVAMKCARNTLAARKSRVRKMQRNDELEDKIAKLEA,4,3,-42.900000000000006,40,6,1,4,3,0,0,0,1,5,3,2,2,1,2,5,1,2,2,0,0,0,0,0,0,0,1,0,0,0,0,0,0,0,0,120659.69506560006
DNNDTKAMKRARNTLAARKTRQRKMQRFDELEDEIAKLEA,5,3,-60.800000000000004,40,6,0,4,4,1,0,0,1,5,3,2,3,0,2,6,0,3,0,0,0,0,0,0,0,0,1,0,0,0,0,0,0,0,0,120535.0977143999
DNNDTKAMKRARNTLAARKTRQRKMQRFDELEDEIAKLEA,4,3,-60.800000000000004,40,6,0,4,4,1,0,0,1,5,3,2,3,0,2,6,0,3,0,0,0,0,0,0,0,0,1,0,0,0,0,0,0,0,0,120535.0977143999
DMNDTVAMKRAPNTLAARKSRQKKMQRFDELEDKIAKLEA,3,3,-44.30000000000001,40,6,0,4,3,1,0,0,1,6,3,3,2,1,2,4,1,2,1,0,0,0,0,0,0,0,1,0,0,0,0,0,0,0,0,120494.86835459992
DPNDTVKMKRARNTLAARKRRQRKMVRDDELEDKIAKLEA,4,5,-59.3,40,5,0,5,3,0,0,0,1,6,3,2,2,1,1,7,0,2,2,0,0,0,0,0,0,0,1,0,0,0,0,0,0,0,0,120441.33103059992
DPNDQVRMKRARNTLFARKSRQRKMQRFDELEFKIAKLEA,4,6,-53.10000000000001,40,4,0,3,3,3,0,0,1,5,3,2,2,1,3,7,1,1,1,0,0,0,0,0,1,1,1,0,1,0,0,0,0,0,0,120329.41473840002
LPNDTVAMKRARNTLAARKKRLRKMQRFDELEDKIAKLEA,3,6,-39.80000000000001,40,6,0,3,3,1,0,0,1,6,5,2,2,1,1,6,0,2,1,0,0,0,0,0,0,0,1,0,0,0,0,0,0,0,0,120215.00795119995
QPNDTVAMKHLRNTLAARKSRQRKMQRNDELEDKIAYLEA,5,3,-51.7,40,5,0,3,3,0,0,1,1,4,4,2,3,1,3,5,1,2,1,0,1,0,0,0,0,0,1,0,0,0,0,0,0,0,0,120039.01704470001
DPNKTHAMKRARNTLAARKSRQRKMQRADELEDKIAKLEA,3,6,-60.100000000000016,40,7,0,3,3,0,0,1,1,6,3,2,2,1,2,6,1,2,0,0,0,0,0,0,0,0,1,0,0,0,0,0,0,0,0,119783.99345189997
DPNRTVMMKRARNTLVARKSRQRKMFRFDELEDKIAKLEA,5,6,-43.500000000000014,40,4,0,3,3,2,0,0,1,5,3,3,2,1,1,7,1,2,2,0,0,0,0,0,0,0,1,0,0,0,1,0,0,0,0,119680.92174009998
GPNDFVAMKRARNTLAARKSRQRKMQRFDELEDKIAYLEA,3,4,-42.10000000000001,40,6,0,3,3,2,1,0,1,4,3,2,2,1,2,6,1,1,1,0,1,0,0,0,1,1,1,0,0,0,0,0,0,0,0,119623.87024629996
DPNDEVAMKRARNTLAARKIRQRLMQRFMELEDKIAKLEA,5,3,-35.7,40,6,0,3,4,1,0,0,2,4,4,3,2,1,2,6,0,1,1,0,0,0,0,0,0,0,1,0,0,0,0,0,0,0,0,119147.62247120004
DRNRTFAMKNARNTLAACKSRQRKMQRFDELEDKIAKLEA,5,5,-48.60000000000001,40,6,1,3,3,2,0,0,1,5,3,2,3,0,2,6,1,2,0,0,0,0,0,0,0,0,1,0,0,0,0,0,0,0,0,119084.00883230002
LPNDTVAMKRARNTLAARKKRQRKMQRFDELEDKIAKLEA,2,6,-47.10000000000001,40,6,0,3,3,1,0,0,1,6,4,2,2,1,2,6,0,2,1,0,0,0,0,0,0,0,1,0,0,0,0,0,0,0,0,119048.23481169995
DPNDTVAMKRARNTLAARKRRQRKMGRFDELEDKIAKLEA,2,5,-51.900000000000006,40,6,0,4,3,1,1,0,1,5,3,2,2,1,1,7,0,2,1,0,0,0,0,0,0,0,1,0,0,0,0,0,0,0,0,118996.5894560999
DPNDTVITKRARNTLAARKSRKRKMQRFDELEDKVAKLEC,5,5,-51.2,40,4,1,4,3,1,0,0,1,6,3,1,2,1,1,6,1,3,2,0,0,0,0,0,0,0,1,0,0,0,0,0,0,0,0,118833.86942859994
DPNDTVAMKRARNEMAARKSRQRKMQRFDELEDKIAHLEI,5,2,-52.600000000000016,40,5,0,4,4,1,0,1,2,4,2,3,2,1,2,6,1,1,1,0,0,0,0,0,0,0,1,0,0,0,0,0,0,0,0,118774.43490280003
DPNDTVANKRARNTLSARKMRQRKMQRFDELEDKIAKLRA,4,6,-57.60000000000001,40,5,0,4,2,1,0,0,1,5,3,2,3,1,2,7,1,2,1,0,0,0,0,0,0,0,1,0,0,0,0,0,0,0,0,118745.96878269994
DPNDTVAMKRARNTLAARKRRQRKQQRFDELEDKIAKCES,5,5,-64.30000000000001,40,5,1,4,3,1,0,0,1,5,2,1,2,1,3,7,1,2,1,0,0,0,0,0,0,0,1,0,0,0,0,0,0,0,0,118742.33763199992
DPNDTVAMKRARNTLAACISRQRKMQRFRELEDKIAKLEA,3,4,-36.900000000000006,40,6,1,3,3,1,0,0,2,4,3,2,2,1,2,6,1,2,1,0,0,0,0,0,0,0,1,0,0,0,0,0,0,0,0,118469.71304850002
TPNDTVAMTRARNTLSARKRRQRKMQRFDELEDKIAKLEA,4,5,-51.60000000000001,40,5,0,3,3,1,0,0,1,4,3,2,2,1,2,7,1,4,1,0,0,0,0,0,0,0,1,0,0,0,0,0,0,0,0,118455.55664929998
TPNDTVAMTRARNTLSARKRRQRKMQRFDELEDKIAKLEA,5,5,-51.60000000000001,40,5,0,3,3,1,0,0,1,4,3,2,2,1,2,7,1,4,1,0,0,0,0,0,0,0,1,0,0,0,0,0,0,0,0,118455.55664929998
DPCNTVAMKRARNTLAARKSDQRKMQRFDELEMKIAKLEA,4,4,-38.90000000000001,40,6,1,3,3,1,0,0,1,5,3,3,2,1,2,5,1,2,1,0,0,0,0,0,0,0,1,0,0,0,0,0,0,0,0,118260.99998299999
IPNDEIAMKRARNTLAARKMRQRKMQRFDELEDKIAKLEA,5,4,-43.10000000000001,40,6,0,3,4,1,0,0,3,5,3,3,2,1,2,6,0,1,0,0,0,0,0,0,0,0,1,0,0,0,0,0,0,0,0,118201.40454150003
DPNDTVAMKRARNTLAARKKRQRKMQRFDELEDKIACLEA,2,4,-48.00000000000001,40,6,1,4,3,1,0,0,1,5,3,2,2,1,2,6,0,2,1,0,0,0,0,0,0,0,1,0,0,0,0,0,0,0,0,118102.00375509994
DPNDIVAMKRARNTLAARKSCQRKMQRFDELEDKIAKLEA,2,3,-39.10000000000001,40,6,1,4,3,1,0,0,2,5,3,2,2,1,2,5,1,1,1,0,0,0,0,0,0,0,1,0,0,0,0,0,0,0,0,117952.25032910005
DPNDTVAMKRFRNTLAARKSRQRKMQRFDELEDKIACLEA,2,3,-43.90000000000001,40,5,1,4,3,2,0,0,1,4,3,2,2,1,2,6,1,2,1,0,0,0,0,0,0,0,1,0,0,0,0,0,0,0,0,117895.85374389999
DPNDTVAMKRARNTLAARKSCQRKCQRFDELEDKIAKLEA,2,3,-43.7,40,6,2,4,3,1,0,0,1,5,3,1,2,1,2,5,1,2,1,0,0,0,0,0,0,0,1,0,0,0,0,0,0,0,0,117887.5950805
INNDEVAMKRARNTLAARKSCQRKMQRFDELEDKIAKLEA,4,3,-41.0,40,6,1,3,4,1,0,0,2,5,3,2,3,0,2,5,1,1,1,0,0,0,0,0,0,0,1,0,0,0,0,0,0,0,0,117838.0590216
DPMVTVAMKRARNTLAARKKRQRKMQRFDELEDKIFKLEA,5,6,-40.30000000000001,40,5,0,3,3,2,0,0,1,6,3,3,1,1,2,6,0,2,2,0,0,0,0,0,0,0,1,0,1,0,0,0,0,0,0,117822.27887779994
KPNDTVAMKRARNSLAARKSRQRKMDRFDELEDKIAKLED,4,4,-57.10000000000001,40,5,0,5,3,1,0,0,1,6,3,2,2,1,1,6,2,1,1,0,0,0,0,0,0,0,1,1,0,0,0,0,0,0,0,117759.27811439987
DPNDTVAMVRARNTLAARKSRQRKKQRFYELEDKIAKLEL,4,5,-44.800000000000004,40,5,0,3,3,1,0,0,1,5,4,1,2,1,2,6,1,2,2,0,1,0,0,0,0,0,2,0,0,0,0,0,0,0,0,117420.46505290002
DKNDTVAMKRARNSLAARKSRQRKMDRFDELEDKIAKLED,4,3,-59.0,40,5,0,6,3,1,0,0,1,6,3,2,2,0,1,6,2,1,1,0,0,0,0,0,0,0,1,1,0,0,0,0,0,0,0,117410.59976169986
DPNDTHAMKRARNTLCARKSRQRKLQRFDELEDKIAKLEP,5,4,-59.50000000000001,40,4,1,4,3,1,0,1,1,5,4,1,2,2,2,6,1,2,0,0,0,0,0,0,0,0,1,0,0,0,0,0,0,0,0,117339.20585669992
DPNDTVMMKRARNVLAARKIRQRKMQRFDELEDKIAKLEA,4,4,-41.0,40,5,0,4,3,1,0,0,2,5,3,3,2,1,2,6,0,1,2,0,0,0,0,0,0,0,1,0,0,0,0,0,0,0,0,117230.73945599992
DPQDTVAMKRLRNTLAARKSRMRKMQRFDELEDKIFKLEA,4,4,-42.900000000000006,40,4,0,4,3,2,0,0,1,5,4,3,1,1,2,6,1,2,1,0,0,0,0,0,0,0,1,0,1,0,0,0,0,0,0,116977.27457499999
DPNDTVAMKRARNTLAARKKRQRKMQRFDELEDKIAYLEA,2,4,-51.800000000000004,40,6,0,4,3,1,0,0,1,5,3,2,2,1,2,6,0,2,1,0,1,0,0,0,0,0,1,0,0,0,0,0,0,0,0,116916.55370299991
DPNDTVAMKRARNTLRARKCRQRKMQRFDELEDKIAKLEA,2,5,-54.30000000000001,40,5,1,4,3,1,0,0,1,5,3,2,2,1,2,7,0,2,1,0,0,0,0,0,0,0,1,0,0,0,0,0,0,0,0,116891.60683729994
DPNDTVAMKRFRNTLRARKCRQRKMQRFDELEDKIAFLEA,4,4,-46.600000000000016,40,4,1,4,3,3,0,0,1,4,3,2,2,1,2,7,0,2,1,0,0,0,0,0,0,0,1,0,0,0,0,0,0,0,0,116856.44304189998
DMNDTVAMKRAPNILAARKSRQKKMQRFDELEDKIAKLEA,4,3,-39.10000000000001,40,6,0,4,3,1,0,0,2,6,3,3,2,1,2,4,1,1,1,0,0,0,0,0,0,0,1,0,0,0,0,0,0,0,0,116814.4310810999
DPNQTVRMKRAPNTLAARKSRQRKMQRFDELEDKIAKLEA,4,5,-54.7,40,5,0,3,3,1,0,0,1,5,3,2,2,2,3,6,1,2,1,0,0,0,0,0,0,0,1,0,0,0,0,0,0,0,0,116736.96326469998
DSNDTVAMKRARNTLKARKSRQRKMQRFGELEDKIAKLEA,3,6,-53.1,40,5,0,3,3,1,1,0,1,6,3,2,2,0,2,6,2,2,1,0,0,0,0,0,0,0,1,0,0,0,0,0,0,0,0,116717.39689039993
DPNDTVAMKRCRNTLRARKSRQRKMQRFFELEDKIAKLEA,3,6,-50.60000000000001,40,4,1,3,3,2,0,0,1,5,3,2,2,1,2,7,1,2,1,0,0,0,0,0,0,0,1,0,0,1,0,0,0,0,0,116694.79007300001
DPNDTVKMKRARNTLAARKRRQRKMQRDDELEDKIAKLEA,3,5,-67.00000000000001,40,5,0,5,3,0,0,0,1,6,3,2,2,1,2,7,0,2,1,0,0,0,0,0,0,0,1,0,0,0,0,0,0,0,0,116514.98202999993
DNNDTKAMKQARNTLAARKTRQRKMQRFDELEDEIAKLEA,5,2,-59.800000000000004,40,6,0,4,4,1,0,0,1,5,3,2,3,0,3,5,0,3,0,0,0,0,0,0,0,0,1,0,0,0,0,0,0,0,0,116438.61636829996
DDNDSVAMKKQRNTLAARKSRQRKMQRDDELEDKIAKLEA,5,2,-64.30000000000003,40,5,0,6,3,0,0,0,1,6,3,2,2,0,3,5,2,1,1,0,0,0,0,0,0,0,1,0,0,0,0,0,0,0,0,116362.32522339994
DPNDTVAMKRARNKLAACKSRQRKMQHFDELEDKIAKLEA,3,3,-46.20000000000001,40,6,1,4,3,1,0,1,1,6,3,2,2,1,2,4,1,1,1,0,0,0,0,0,0,0,1,0,0,0,0,0,0,0,0,116277.20609120002
DPNDTVAMKHLRNTLAARKSRQRKMQRNDELEDKIAYLEA,4,2,-51.7,40,5,0,4,3,0,0,1,1,4,4,2,3,1,2,5,1,2,1,0,1,0,0,0,0,0,1,0,0,0,0,0,0,0,0,116100.73901960002
DPNDTVASKRARNTLCARKSRQRKMQRFDELEDKIAKLNQ,4,5,-58.6,40,4,1,4,2,1,0,0,1,5,3,1,3,1,3,6,2,2,1,0,0,0,0,0,0,0,1,0,0,0,0,0,0,0,0,115978.36562049993
DNHDTVAMKRARNTLAIRKSRQRKMWRFDELEDKIAFLEA,5,3,-40.900000000000006,40,5,0,4,3,2,0,1,2,4,3,2,2,0,1,6,1,2,1,1,0,0,0,0,0,0,1,0,0,0,0,0,0,0,0,115784.79735459994
DRNDTVAMKRARNTCCARKSRQRKMQRFDELEDKIAKLET,4,5,-57.30000000000001,40,4,2,4,3,1,0,0,1,5,2,2,2,0,2,7,1,3,1,0,0,0,0,0,0,0,1,0,0,0,0,0,0,0,0,115748.04629670005
DPNDTVAMKRARNTLAARTSCQRKMQRFDELEDKIAKLEA,2,2,-41.10000000000001,40,6,1,4,3,1,0,0,1,4,3,2,2,1,2,5,1,3,1,0,0,0,0,0,0,0,1,0,0,0,0,0,0,0,0,115536.12528090004
IPEDTVAMKRARNTLAARKSRQRKMQRNFELEDKIAKLEA,5,5,-43.30000000000001,40,6,0,2,4,1,0,0,2,5,3,2,2,1,2,6,1,2,1,0,0,0,0,0,0,0,1,0,0,0,0,0,0,0,0,115513.9582627
DPNDTVAMKRARNTLAARKLCQRKMQRFDELEDKIAKLEA,3,3,-39.7,40,6,1,4,3,1,0,0,1,5,4,2,2,1,2,5,0,2,1,0,0,0,0,0,0,0,1,0,0,0,0,0,0,0,0,115392.36523370007
DPNDTVAMKRFRNTLLARKCRQRKMQRFDELEDKIAFLEA,5,3,-38.30000000000001,40,4,1,4,3,3,0,0,1,4,4,2,2,1,2,6,0,2,1,0,0,0,0,0,0,0,1,0,0,0,0,0,0,0,1,115197.4836854
YPNDTFAMKRARNPLAARKNRQRKMQRFDELEDKIQKLEA,5,5,-59.400000000000006,40,5,0,3,3,2,0,0,1,5,3,2,3,2,3,6,0,1,0,0,1,0,0,0,0,0,1,1,0,0,0,0,0,0,0,115061.82648129994
DPNDTWAMKRARNTLAARKRRQRKMQRFDELEDKIAKLEA,2,5,-60.100000000000016,40,6,0,4,3,1,0,0,1,5,3,2,2,1,2,7,0,2,0,1,0,0,0,0,0,0,1,1,0,0,0,0,0,0,0,115006.14475519993
DPNSTVAMARHRNTLSACKSRQRKMQRFDELEDKIAKLEA,5,3,-43.500000000000014,40,5,1,3,3,1,0,1,1,4,3,2,2,1,2,5,3,2,1,0,0,0,0,0,0,0,1,0,0,0,0,0,0,0,0,114978.64142000003
DPKDTVARKRRRNTLAARKSRQRKMQRFDELEDKIAKLLA,4,8,-57.10000000000002,40,5,0,4,2,1,0,0,1,6,4,1,1,1,2,8,1,2,1,0,0,0,0,0,0,0,1,0,0,0,0,0,0,0,0,114764.00149299995
DPNDDVAMKRARNTLAARKSRQRKMQRFDELEDKIAYLEA,2,2,-51.50000000000001,40,6,0,5,3,1,0,0,1,4,3,2,2,1,2,6,1,1,1,0,1,0,0,0,0,0,1,0,0,0,0,0,0,0,0,114728.30117160002
DPRDTIFMKRARNTYAARKSRRRKMQRFDELEDKIAKLEA,5,6,-57.10000000000001,40,5,0,4,3,2,0,0,2,5,2,2,1,1,1,8,1,2,0,0,1,0,0,0,0,0,1,0,1,0,0,0,0,0,0,114605.24304600005
DPNDTVAMKNARNTLAARKSRQRKMQRFDELEDKVAKLEL,3,3,-48.60000000000001,40,5,0,4,3,1,0,0,0,5,4,2,3,1,2,5,1,2,2,0,0,0,0,0,0,0,2,0,0,0,0,0,0,0,0,114593.12356909995
DPNDTVAMKRAFNTLAARKSRQRKMQRFHELEDKIARLEA,3,4,-44.30000000000002,40,6,0,3,3,2,0,1,1,4,3,2,2,1,2,6,1,2,1,0,0,0,0,0,0,0,1,0,0,0,0,0,0,0,0,114587.71827299998
DVNDTPAMKPARNTLAARKLRQRKMQRFDELEDKIAKLEA,5,3,-43.80000000000001,40,6,0,4,3,1,0,0,1,5,4,2,2,2,2,5,0,2,1,0,0,0,0,0,0,0,1,0,0,0,0,0,0,0,0,114570.29914279994
DWNDTVAMKRAKNTLAARKRRQRKMQRFDWLEDKIAKLEA,4,6,-51.1,40,6,0,4,2,1,0,0,1,6,3,2,2,0,2,6,0,2,1,2,0,0,0,0,2,2,0,0,0,0,0,0,0,0,0,114242.73622800002
DPNDTVAMKHARNTLAARKSRQRKMQRNDELEDKIAYLEA,3,2,-53.7,40,6,0,4,3,0,0,1,1,4,3,2,3,1,2,5,1,2,1,0,1,0,0,0,0,0,1,0,0,0,0,0,0,0,0,114200.85781399999
DPFGTVAMKRARNTLKARKSRQRKMQRFDELEDKIAKLEA,3,6,-47.60000000000001,40,5,0,3,3,2,1,0,1,6,3,2,1,1,2,6,1,2,1,0,0,0,0,0,0,0,1,1,0,0,0,0,0,0,0,114168.96136719993
DPNDTVAMKRARNTLAARKMRQRKMQRFDELEDKIAKLVA,3,5,-40.900000000000006,40,6,0,4,2,1,0,0,1,5,3,3,2,1,2,6,0,2,2,0,0,0,0,0,0,0,1,0,0,0,0,0,0,0,0,114113.87649230001
DPNDTVAMKRARNTQKARKSRQRKMQRFDELEDKIAKLEA,2,5,-64.30000000000003,40,5,0,4,3,1,0,0,1,6,2,2,2,1,3,6,1,2,1,0,0,0,0,0,0,0,1,0,0,0,0,0,0,0,0,114101.30489659993
DPNDTSAMKRARNTLAARKKRQRKMQRFDELEDKNAKLEA,3,5,-67.40000000000002,40,6,0,4,3,1,0,0,0,6,3,2,3,1,2,6,1,2,0,0,0,0,0,0,0,0,1,0,0,0,0,0,0,0,0,114054.84326339999
DPNDTVARKFARNTLAARKSCQRKMQRFDELQDKIAKLEA,5,4,-43.400000000000006,40,6,1,4,2,2,0,0,1,5,3,1,2,1,3,5,1,2,1,0,0,0,0,0,0,0,1,0,0,0,0,0,0,0,0,114053.61387320003
LPFDTVAMKRAENHLAARKSRQRKMQRFDELEDKIAYLEA,5,2,-36.600000000000016,40,6,0,3,4,2,0,1,1,4,4,2,1,1,2,5,1,1,1,0,1,0,0,0,0,0,1,0,0,0,0,0,0,0,0,113872.10290380001
LPNDTVAWKIARNTLAARKSRQRKMQRFDKLEDKIAKLEA,5,6,-38.2,40,6,0,3,2,1,0,0,2,6,4,1,2,1,2,5,1,2,1,1,0,0,0,0,0,0,0,0,0,0,0,0,0,0,0,113869.01952409996
EPNDTVAMKRARNTLAARYSHQRKMQRFDELEDKIAKLEA,3,2,-47.40000000000001,40,6,0,3,4,1,0,1,1,4,3,2,2,1,2,5,1,2,1,0,1,0,0,0,0,0,1,0,0,0,0,0,0,0,0,113858.82625110002
DPNDTVAMKRARNTLAARKKRQRKMQRFDELEDKIAKLEA,1,5,-54.400000000000006,40,6,0,4,3,1,0,0,1,6,3,2,2,1,2,6,0,2,1,0,0,0,0,0,0,0,1,0,0,0,0,0,0,0,0,113759.52096979994
DPNDTLAMKRARNTLAARKKRQRKMQRFDELEDKIAKLEA,2,5,-54.800000000000004,40,6,0,4,3,1,0,0,1,6,4,2,2,1,2,6,0,2,0,0,0,0,0,0,0,0,1,0,0,0,0,0,0,0,0,113707.40207199992
DVNDTVAMKRARNTLAARKKRQRKMQRFDELEDKIAYLEA,3,4,-46.00000000000001,40,6,0,4,3,1,0,0,1,5,3,2,2,0,2,6,0,2,2,0,1,0,0,0,0,0,1,0,0,0,0,0,0,0,0,113463.26763149991
DKNDTRAMKRARNTLAARKSRQRKMQRFDEVEDKIAKLEF,4,6,-60.9,40,5,0,4,3,2,0,0,1,6,2,2,2,0,2,7,1,2,1,0,0,0,0,0,1,1,0,0,0,0,0,0,0,0,0,113456.89778439993
DPNDTVAMKRARNTLSARKMRQRKMQRFDELEDKIAKLRA,3,6,-52.20000000000001,40,5,0,4,2,1,0,0,1,5,3,3,2,1,2,7,1,2,1,0,0,0,0,0,0,0,1,0,0,0,0,0,0,0,0,113374.67503970001
DNNDTVAMKKARPTLAIRKSRQRKMQRFDELEDKIAKLES,5,4,-50.6,40,4,0,4,3,1,0,0,2,6,3,2,2,1,2,5,2,2,1,0,0,0,0,0,0,0,1,0,0,0,0,0,0,0,0,113226.74093519991
DPNDTVAMKRSRNTLAARKSRQRKLQRHDELEDKIAKLEP,4,4,-61.400000000000006,40,4,0,4,3,0,0,1,1,5,4,1,2,2,2,6,2,2,1,0,0,0,0,0,0,0,1,0,0,0,0,0,0,0,0,113224.6061671999
GPNDFVEMKRARNTLAARKSRQRKMQRFDELEDKIAYLEA,4,3,-47.400000000000006,40,5,0,3,4,2,1,0,1,4,3,2,2,1,2,6,1,1,1,0,1,0,0,0,1,1,1,0,0,0,0,0,0,0,0,113204.98323959998
DPNDYVAMKRVRNTLMARKSRQRKMQRFDELEDKIHKLEA,4,4,-54.400000000000006,40,3,0,4,3,1,0,1,1,5,3,3,2,1,2,6,1,1,2,0,1,0,0,0,1,0,1,0,0,0,0,0,0,0,0,113098.81000740002
DPNDTVAMKRHRNTLALRKSRQRKMSRFDELEDKIAKLEY,4,4,-54.7,40,3,0,4,3,1,0,1,1,5,4,2,2,1,1,6,2,2,1,0,1,0,0,0,1,0,1,0,0,0,0,0,0,0,0,113084.74883120004
DPNDTVAMKRASNTLAAPKSRQRKMQRFDELEDKIAKLEK,3,3,-50.400000000000006,40,5,0,4,3,1,0,0,1,6,3,2,2,2,2,4,2,2,1,0,0,0,0,0,0,0,1,0,0,0,0,0,0,0,0,112966.17928699995
DPNDTVATKRARNKLKARKSRQRKMQREDELEDKIAKLEA,4,5,-69.10000000000002,40,5,0,4,4,0,0,0,1,7,3,1,2,1,2,6,1,2,1,0,0,0,0,0,0,0,1,0,0,0,0,0,0,0,0,112950.74686189996
EPNDTMAMKPARNTLAARKVRQRKMQRFQELEDKIAKLEA,5,4,-45.70000000000001,40,6,0,2,4,1,0,0,1,5,3,3,2,2,3,5,0,2,1,0,0,0,0,0,0,0,1,0,0,0,0,0,0,0,0,112779.29796819993
DPNDTVAMKRARNCNAARKSRQRKMQRFDELEDKIAYLEA,3,3,-52.800000000000004,40,6,1,4,3,1,0,0,1,4,2,2,3,1,2,6,1,1,1,0,1,0,0,0,0,0,1,0,0,0,0,0,0,0,0,112759.8779943
DPNRTVAMKRARNLLAARKRRQRKMQRFDELEDKIAKLEA,3,7,-51.50000000000001,40,6,0,3,3,1,0,0,1,5,4,2,2,1,2,8,0,1,1,0,0,0,0,0,0,0,1,0,0,0,0,0,0,0,0,112696.21207699993
DKNDTVAMKRAENSLAARKSRQRKMDRFDELEDKIAKLED,5,1,-58.0,40,5,0,6,4,1,0,0,1,6,3,2,2,0,1,5,2,1,1,0,0,0,0,0,0,0,1,1,0,0,0,0,0,0,0,112696.0307338999
DPNDNVAMKPARNTLAARKRRQRKMQRFEELEDKIAKLEA,4,4,-54.900000000000006,40,6,0,3,4,1,0,0,1,5,3,2,3,2,2,6,0,1,1,0,0,0,0,0,0,0,1,0,0,0,0,0,0,0,0,112595.60717499992
DPNDLVAMKRKRNTLMARKSRFRKMQRFDELEDKIAHLEA,5,4,-45.40000000000001,40,4,0,4,3,2,0,1,1,5,4,3,2,1,1,6,1,1,1,0,0,0,0,0,0,0,2,0,0,0,0,0,1,0,0,112584.998503
DNNDTKAMKRARNTLAARKTRQRKMQRFDELEDEIAKLED,5,2,-66.1,40,5,0,5,4,1,0,0,1,5,3,2,3,0,2,6,0,3,0,0,0,0,0,0,0,0,1,0,0,0,0,0,0,0,0,112534.65169389994
DPNDTVAMKRARNTLARRKSRQRKMQRFYELEDKIAKLEA,2,6,-55.400000000000006,40,5,0,3,3,1,0,0,1,5,3,2,2,1,2,7,1,2,1,0,1,0,0,0,0,0,1,0,0,0,0,0,0,0,0,112455.20739909999
DSNDTVAGKRARPTLAARKERQRKMQRFDELEDKIAKLEA,5,3,-53.60000000000001,40,6,0,4,4,1,1,0,1,5,3,1,1,1,2,6,1,2,1,0,0,0,0,0,0,0,1,0,0,0,0,0,0,0,0,112401.42104019996
DPNPTVAMKRARNTLPAKKSRQMKMQRFDELEDKIAKLEA,4,4,-45.80000000000001,40,5,0,3,3,1,0,0,1,6,3,3,2,3,2,4,1,2,1,0,0,0,0,0,0,0,1,0,0,0,0,0,0,0,0,112298.81192889997
DPNMTVAMKIARNTLAARKSRDRKMQRFDELEDKIRFLEA,5,3,-36.50000000000001,40,5,0,4,3,2,0,0,2,4,3,3,2,1,1,6,1,2,1,0,0,0,0,0,0,0,1,0,0,0,0,0,0,0,0,112279.00793290003
DTNDTVAMKRARNTLAARKSRQRKMQRFDELEDKIAYLEA,2,3,-47.800000000000004,40,6,0,4,3,1,0,0,1,4,3,2,2,0,2,6,1,3,1,0,1,0,0,0,0,0,1,0,0,0,0,0,0,0,0,112150.29205299994
HPNKTVAMKRARPTLAARKSRQRKMQRFDELEDKIAKLEA,3,7,-49.500000000000014,40,6,0,2,3,1,0,1,1,6,3,2,1,2,2,6,1,2,1,0,0,0,0,0,0,0,1,0,0,0,0,0,0,0,0,112129.90497109994
EPNDTVAMKRKRNTLAARKSRQRKCYRFDELEHKIAKLEA,5,6,-53.900000000000006,40,5,1,2,4,1,0,1,1,6,3,1,2,1,1,6,1,2,1,0,1,0,0,0,0,0,1,0,0,0,0,0,0,0,0,112092.52351190003
DWNDTVAMKRARNTLAARKRRQRKMQRFDWLEDKIAKLEA,3,6,-51.7,40,6,0,4,2,1,0,0,1,5,3,2,2,0,2,7,0,2,1,2,0,0,0,0,2,2,0,0,0,0,0,0,0,0,0,111992.4589069
TPNKTVAMKRARNTLAARKTRQRKMQRFDELEDKIAKLEA,3,7,-48.800000000000004,40,6,0,2,3,1,0,0,1,6,3,2,2,1,2,6,0,4,1,0,0,0,0,0,0,0,1,0,0,0,0,0,0,0,0,111861.2659524999
DPNDTVAMKNARNTLAARKSRQRKMQRFDSLEDKVAKLEL,4,4,-45.900000000000006,40,5,0,4,2,1,0,0,0,5,4,2,3,1,2,5,2,2,2,0,0,0,0,0,0,0,1,0,0,0,0,0,0,0,0,111742.10077109994
DYNDTVAMKRCRNYLAARKSRQRKMQRFDELEDKIAKLEA,3,4,-50.900000000000006,40,5,1,4,3,1,0,0,1,5,3,2,2,0,2,6,1,1,1,0,2,0,0,0,1,0,1,0,0,0,0,0,0,0,0,111707.0502499
DPNDTVAMKRARNRLLARCSRQRKMQRYDELEDKIAVLEA,5,3,-42.7,40,5,1,4,3,0,0,0,1,3,4,2,2,1,2,7,1,1,2,0,1,0,0,0,0,0,1,0,0,0,0,0,0,0,0,111685.38776750004
DPNDTVVMKRARNLLAARKSRQRKMFRFDELEDKIAKLEA,3,4,-38.10000000000001,40,5,0,4,3,2,0,0,1,5,4,2,2,1,1,6,1,1,2,0,0,0,0,0,0,0,1,0,0,0,1,0,0,0,0,111653.19000320001
DPNDRVAMKRARNLLWARKSRQRKMQRFDELEDKIAKLEA,3,5,-53.30000000000001,40,5,0,4,3,1,0,0,1,5,4,2,2,1,2,7,1,0,1,1,0,0,0,0,0,0,1,0,0,0,0,0,0,0,0,111578.53269519996
DPNDRVAMKRARNLLWARKSRQRKMQRFDELEDKIAKLEA,4,5,-53.30000000000001,40,5,0,4,3,1,0,0,1,5,4,2,2,1,2,7,1,0,1,1,0,0,0,0,0,0,1,0,0,0,0,0,0,0,0,111578.53269519996
KPNDTVAMKRARNSLAARKSRQRKMDRFDEFEDKIAKLED,5,4,-58.10000000000001,40,5,0,5,3,2,0,0,1,6,2,2,2,1,1,6,2,1,1,0,0,0,0,0,1,1,0,2,0,0,0,1,0,0,0,111356.48622159997
DYNDTVHMKRARNTLAARKRRQRKMQRFDELEDKIAKLEE,4,4,-65.0,40,4,0,4,4,1,0,1,1,5,3,2,2,0,2,7,0,2,1,0,1,0,0,0,1,0,1,0,0,0,0,0,0,0,0,111274.2452993999
DPNDTVAPKRARNTLAARKSRQRKMQRFDELEDKIDKLEM,4,3,-60.0,40,4,0,5,3,1,0,0,1,5,3,2,2,2,2,6,1,2,1,0,0,0,0,0,0,0,1,0,0,0,0,0,0,0,0,111265.29944789995
KPNDTVAMKRARNTLAARKCRRRKMQRFDELEDKIAKLEA,3,7,-49.400000000000006,40,6,1,3,3,1,0,0,1,6,3,2,2,1,1,7,0,2,1,0,0,0,0,0,0,0,1,0,0,0,0,0,0,0,0,111236.06239729999
DPNDTVKMKRARNTLAAEKRRQRKMQRDDELEDKIAKLEA,4,3,-66.00000000000001,40,5,0,5,4,0,0,0,1,6,3,2,2,1,2,6,0,2,1,0,0,0,0,0,0,0,1,0,0,0,0,0,0,0,0,111084.59602539998
DPNDTVAMKRIRNVLPARKSRCRKMQRFDELEDKIAKLEA,4,4,-41.10000000000001,40,4,1,4,3,1,0,0,2,5,3,2,2,2,1,6,1,1,2,0,0,0,0,0,0,0,1,0,0,0,0,0,0,0,0,111046.68717611002
DPNDTVAMKRARHTLYARKSRVRKCQRFDELEDKIAKLEA,4,4,-45.80000000000001,40,5,1,4,3,1,0,1,1,5,3,1,1,1,1,6,1,2,2,0,1,0,0,0,0,0,1,0,0,0,0,0,0,0,0,111044.56868110003
DPNDTVAMKRARNTLAARKRRQRKMQRFDWLEDKIAKLEA,2,6,-52.400000000000006,40,6,0,4,2,1,0,0,1,5,3,2,2,1,2,7,0,2,1,1,0,0,0,0,1,1,0,0,0,0,0,0,0,0,0,111010.54612009994
DPNDTVAMKRARNTLAARKRRQRKMQRFDWLEDKIAKLEA,3,6,-52.400000000000006,40,6,0,4,2,1,0,0,1,5,3,2,2,1,2,7,0,2,1,1,0,0,0,0,1,1,0,0,0,0,0,0,0,0,0,111010.54612009994
DPNDTVAMKRASNTLAAPKSRQRKMQRFDELEDKIAKLEH,4,2,-49.70000000000001,40,5,0,4,3,1,0,1,1,5,3,2,2,2,2,4,2,2,1,0,0,0,0,0,0,0,1,0,0,0,0,0,0,0,0,111000.55495949993
DPNDTVAMKRARNRLLARKSRQRKMQRYDELEDKIAVLEA,4,4,-49.1,40,5,0,4,3,0,0,0,1,4,4,2,2,1,2,7,1,1,2,0,1,0,0,0,0,0,1,0,0,0,0,0,0,0,0,110959.27626929998
DSNSTVAMKRARNTLAARKSRQRKMQRFDELEDDIAKLEA,3,3,-47.40000000000001,40,6,0,4,3,1,0,0,1,4,3,2,2,0,2,6,3,2,1,0,0,0,0,0,0,0,1,0,0,0,0,0,0,0,0,110950.55055029997
DPNDTVAMKRARNTLLARKRRQRKMQRFDWLEDKIAKLEA,3,6,-50.400000000000006,40,5,0,4,2,1,0,0,1,5,4,2,2,1,2,7,0,2,1,1,0,0,0,0,1,1,0,0,0,0,0,0,0,0,0,110932.56875039992
DPNDTVAMKRARNTLAARKSRQRKMQRFDELEDKIAYLEK,4,4,-54.400000000000006,40,5,0,4,3,1,0,0,1,5,3,2,2,1,2,6,1,2,1,0,1,0,0,0,0,0,1,0,0,0,0,0,0,0,0,110925.41050459995
DPNDTVAMKRARNTLAARKSRQRKMQRFDELEDKIAYLEK,3,4,-54.400000000000006,40,5,0,4,3,1,0,0,1,5,3,2,2,1,2,6,1,2,1,0,1,0,0,0,0,0,1,0,0,0,0,0,0,0,0,110925.41050459995
DNNDCVAIKVARNTLAARFSRQRKMQRFDELEDKIAKLEA,5,2,-31.999999999999996,40,6,1,4,3,2,0,0,2,4,3,1,3,0,2,5,1,1,2,0,0,0,0,0,0,0,1,0,0,0,0,0,0,0,0,110860.57130870003
FPNDTVAMKRARNTLIARTSRQRKMQRFDELEDKIAVLEA,4,3,-30.999999999999996,40,5,0,3,3,2,0,0,2,3,3,2,2,1,2,6,1,3,2,0,0,0,0,0,0,0,1,0,0,0,0,0,0,0,0,110807.279888
DPNDLVAMKRAFNTLAARKSRQRKMQRFDELEDKIARLEA,3,3,-40.100000000000016,40,6,0,4,3,2,0,0,1,4,4,2,2,1,2,6,1,1,1,0,0,0,0,0,0,0,2,0,0,0,0,0,0,0,0,110767.39810600001
DPNDTVAMKRARNTLLGRKSRQRKMQRTDELEDKIAYLEA,4,3,-52.40000000000001,40,4,0,4,3,0,1,0,1,4,4,2,2,1,2,6,1,3,1,0,1,0,0,0,0,0,1,0,0,0,0,0,0,0,0,110637.0899644
INNDEVAMKRARNTLAARKSCQRKMRRFDELEDKIAKLEA,5,4,-42.00000000000001,40,6,1,3,4,1,0,0,2,5,3,2,3,0,1,6,1,1,1,0,0,0,0,0,0,0,1,0,0,0,0,0,0,0,0,110501.32352300003
DPNDYVAMKRVRNTLMARKSRQRKMQRFDELEDKIAKLEA,3,4,-49.400000000000006,40,4,0,4,3,1,0,0,1,5,3,3,2,1,2,6,1,1,2,0,1,0,0,0,1,0,1,0,0,0,0,0,0,0,0,110382.0678883
DPNDTVAMKRCRNTRAARKSCQRKMQRFDELEDKIAKLEA,5,4,-51.900000000000006,40,5,2,4,3,1,0,0,1,5,2,2,2,1,2,6,1,2,1,0,0,0,0,0,0,0,1,0,0,0,0,0,0,0,0,110291.21612549998
DPNDTVAMKRARNTLWARKSRQRNMQRFFELEDKICKLEW,5,4,-49.300000000000004,40,3,1,3,3,2,0,0,1,4,3,2,3,1,2,6,1,2,1,2,0,0,0,0,1,1,1,0,0,1,0,0,0,0,0,110242.89278649999
DPNDTVRMKRARNTLAARKSDQRKMQRFDELEDKIAWLEA,3,2,-53.60000000000001,40,5,0,5,3,1,0,0,1,4,3,2,2,1,2,6,1,2,1,1,0,0,0,0,0,0,1,0,0,0,0,0,0,0,0,110123.64714529997
DPNNTVAMKRARNTLAARKSDQRKMQRFDELEMKIAKLEA,3,4,-44.90000000000001,40,6,0,3,3,1,0,0,1,5,3,3,3,1,2,5,1,2,1,0,0,0,0,0,0,0,1,0,0,0,0,0,0,0,0,110120.35012949999
DPYDTVAMKRARNTLAARKSRQNKMQRNDELEDKIAKLEA,3,3,-54.400000000000006,40,6,0,4,3,0,0,0,1,5,3,2,3,1,2,5,1,2,1,0,1,0,0,0,0,0,1,1,0,0,0,0,0,0,0,110068.4227466
DPNDTVAMKRARNTLAARKSRQRKMQRFYELEDKIAMLEA,3,4,-43.30000000000001,40,6,0,3,3,1,0,0,1,4,3,3,2,1,2,6,1,2,1,0,1,0,0,0,0,0,1,0,0,0,0,0,0,0,0,110002.04816869994
DPNDTVAMKRARNTLAARKNRQRKMQRFDELEDKIAKLEK,2,5,-59.7,40,5,0,4,3,1,0,0,1,6,3,2,3,1,2,6,0,2,1,0,0,0,0,0,0,0,1,0,0,0,0,0,0,0,0,109992.81759139994
WPNDTVNMKRARNTLRARKSRQRKMQRFDELEDKIAILEA,4,5,-51.90000000000002,40,4,0,3,3,1,0,0,2,4,3,2,3,1,2,7,1,2,1,1,0,0,0,0,0,0,1,0,0,0,0,0,0,0,0,109988.70091970003
DPNDYVFMKRVRNTLMARKSRQRKMQRFDELEDKIHKLEA,5,4,-53.40000000000001,40,2,0,4,3,2,0,1,1,5,3,3,2,1,2,6,1,1,2,0,1,0,0,0,1,0,1,0,1,0,0,0,0,0,0,109946.5114797
DDNDSVAMKRQRNTLAARKSRQRKMFRDDELEDKIAKLEA,5,2,-58.60000000000001,40,5,0,6,3,1,0,0,1,5,3,2,2,0,2,6,2,1,1,0,0,0,0,0,0,0,1,0,0,0,0,0,0,0,0,109920.78862090003
DPNDTVAMKRARNTLAARKSRQRKMQRFDELEDKIAYLEE,2,2,-54.00000000000001,40,5,0,4,4,1,0,0,1,4,3,2,2,1,2,6,1,2,1,0,1,0,0,0,0,0,1,0,0,0,0,0,0,0,0,109833.95496789996
DYNDTVAMKRFRNTLAARKSRQRKMQHFDELEDKIAKLEA,3,3,-48.70000000000002,40,5,0,4,3,2,0,1,1,5,3,2,2,0,2,5,1,2,1,0,1,0,0,0,1,0,1,0,0,0,0,0,0,0,0,109826.42658650002
DPNDTVAMKRARNTLKARKSRQRKMQGHDELEDKIAYLEA,4,3,-56.300000000000004,40,5,0,4,3,0,1,1,1,5,3,2,2,1,2,5,1,2,1,0,1,0,0,0,0,0,1,0,0,0,0,0,0,0,0,109772.53594700003
SPNKTVAMKRARNTLAMRKSDQRKMQRFDELEDKIAKLEA,5,5,-47.90000000000001,40,5,0,3,3,1,0,0,1,6,3,3,2,1,2,5,2,2,1,0,0,0,0,0,0,0,1,0,0,0,0,0,0,1,0,109670.01105299998
INNDEVAMKRARNTLAARKSCQRKMQRFDELEDKIAKLET,5,3,-43.5,40,5,1,3,4,1,0,0,2,5,3,2,3,0,2,5,1,2,1,0,0,0,0,0,0,0,1,0,0,0,0,0,0,0,0,109660.89432470003
DPNDTVAMKRGRNTSAPRKSRQRKMQEFDELEDKIAKLEA,4,2,-60.50000000000001,40,4,0,4,4,1,1,0,1,5,2,2,2,2,2,5,2,2,1,0,0,0,0,0,1,1,1,0,0,0,0,0,0,0,0,109483.74491529996
DPNDTVAMKRARNTLAAQKSRQRKMQRFFELEDKIAKLEA,2,4,-44.000000000000014,40,6,0,3,3,2,0,0,1,5,3,2,2,1,3,5,1,2,1,0,0,0,0,0,0,0,1,0,0,1,0,0,0,0,0,109398.9338847
DPNDTVQMKRARNYLAARKSRQIKMQRFDELEDKIAYLEA,4,2,-45.6,40,5,0,4,3,1,0,0,2,4,3,2,2,1,3,5,1,1,1,0,2,0,0,0,0,0,1,0,0,0,0,0,0,0,0,109347.21741020001
DCNDTVAMKRARNTLKARKSRQRKMQVFDELEDKIAYLEA,5,3,-41.6,40,5,1,4,3,1,0,0,1,5,3,2,2,0,2,5,1,2,2,0,1,0,0,0,0,0,1,0,0,0,0,0,0,0,0,109269.31981309998
YPNDTVAMKRARNTLYARKSRQRKMQRFYELEDKIAKLEA,4,6,-50.0,40,5,0,2,3,1,0,0,1,5,3,2,2,1,2,6,1,2,1,0,3,0,0,0,0,0,1,0,0,0,0,0,0,0,0,109247.23986340003
DPNDTVAMKRARNTLAARKRRQRKMQRFDELEDKIAKYEA,2,5,-60.1,40,6,0,4,3,1,0,0,1,5,2,2,2,1,2,7,0,2,1,0,1,0,0,0,0,0,1,0,0,0,0,0,0,0,0,109171.34380999993
DPNDTVMMKRARNTLVARKSRQRKMFRFDELEDKIAKLEA,4,4,-42.500000000000014,40,4,0,4,3,2,0,0,1,5,3,3,2,1,1,6,1,2,2,0,0,0,0,0,0,0,1,0,0,0,1,0,0,0,0,109135.10718369998
DPNDTVAMKRWRNTLAARKSRQRKMQRFHELEDKIALLEA,3,4,-46.000000000000014,40,5,0,3,3,1,0,1,1,4,4,2,2,1,2,6,1,2,1,1,0,0,0,0,0,0,1,0,0,0,0,0,0,0,0,109121.34734289999
YGNLTVAMKRQYNTLAARKSRQRKMQRFDELEDKIAKLEA,5,5,-42.70000000000002,40,5,0,2,3,1,1,0,1,5,4,2,2,0,3,5,1,2,1,0,2,0,0,0,0,0,1,0,0,0,0,0,0,0,0,109119.74447270003
DPNDTVAMKRARNTLYARKSRQRKMQRNYELDDKIAKLER,5,6,-64.8,40,4,0,4,2,0,0,0,1,5,3,2,3,1,2,7,1,2,1,0,2,0,0,0,0,0,1,0,0,0,0,0,0,0,0,109087.3264072
YPNDTVPMKRKRNTLQARKSRQRKMQNFDELEDKIAKLEA,5,5,-62.500000000000014,40,3,0,3,3,1,0,0,1,6,3,2,3,2,3,5,1,2,1,0,1,0,0,0,0,0,1,0,0,0,0,0,0,0,0,109042.99294830006
DPRDTVFMKRARNTLLAQKSRQRKMQMFDELEDKIAKLEA,5,3,-41.90000000000001,40,4,0,4,3,2,0,0,1,5,4,3,1,1,3,5,1,2,1,0,0,0,0,0,0,0,1,0,1,0,0,0,0,0,0,108877.98359840002
DPNDTVAMKRARNTLAARKRRQRKMQREDELEDKIAKLEA,2,4,-61.300000000000004,40,6,0,4,4,0,0,0,1,5,3,2,2,1,2,7,0,2,1,0,0,0,0,0,0,0,1,0,0,0,0,0,0,0,0,108860.42835089995
DPNDTVAMKIARNTLAARKSRQRKMQRFDELEDKIAVLEA,2,2,-34.20000000000001,40,6,0,4,3,1,0,0,2,4,3,2,2,1,2,5,1,2,2,0,0,0,0,0,0,0,1,0,0,0,0,0,0,0,0,108848.01038769998
DPNRTRAMKRARNTLAAKKSRQKKMQRFDELEDKIAKLNA,5,8,-59.800000000000004,40,6,0,3,2,1,0,0,1,7,3,2,3,1,2,6,1,2,0,0,0,0,0,0,0,0,1,0,0,0,0,0,0,0,0,108624.88477387997
DPNDEVEMKVARNTLAARKSRQRKMQRFDELEDKNAKLEA,5,1,-58.7,40,5,0,4,5,1,0,0,0,5,3,2,3,1,2,5,1,1,2,0,0,0,0,0,0,0,1,0,0,0,0,0,0,0,0,108560.18672979997
DPVDTVAMKCARNVLAARKSRQRKMQRFDELEDKIAKLEA,3,3,-31.7,40,6,1,4,3,1,0,0,1,5,3,2,1,1,2,5,1,1,3,0,0,0,0,0,0,0,1,0,0,0,0,0,0,0,0,108422.23639989996
DPFDTVAMKSLRNTLAARKSRQRKIQRFDELEDKIHKLEA,5,3,-41.7,40,4,0,4,3,2,0,1,2,5,4,1,1,1,2,5,2,2,1,0,0,0,0,0,0,0,1,1,0,0,0,0,0,0,0,108394.6074223
DPNDTVAMKRARNTLAARKSCQRKMQRFDELEDKIAKLEA,1,3,-44.30000000000001,40,6,1,4,3,1,0,0,1,5,3,2,2,1,2,5,1,2,1,0,0,0,0,0,0,0,1,0,0,0,0,0,0,0,0,108173.44185470002
DPNDTVAMKRARNTLAARKSCQRKMQRFDELEDKIAKLEA,2,3,-44.30000000000001,40,6,1,4,3,1,0,0,1,5,3,2,2,1,2,5,1,2,1,0,0,0,0,0,0,0,1,0,0,0,0,0,0,0,0,108173.44185470002
DPWDTVAMKRARNHLAACKSRQRKMQRFDDLEDKIAKLEA,5,3,-44.20000000000001,40,6,1,5,2,1,0,1,1,5,3,2,1,1,2,5,1,1,1,1,0,0,0,0,0,0,1,1,0,0,0,0,0,0,0,108149.2607209
DPLDQVKMKRPRNTLAARKSRCRKMQRFDELEDKIAKLEA,5,5,-49.900000000000006,40,4,1,4,3,1,0,0,1,6,4,2,1,2,2,6,1,1,1,0,0,0,0,0,0,0,1,0,0,0,0,0,0,0,0,108120.56681289998
DPNSTVAMKRHRNTLAACKSRQRKMQRFDELEDKIAKLEA,3,4,-46.60000000000001,40,5,1,3,3,1,0,1,1,5,3,2,2,1,2,5,2,2,1,0,0,0,0,0,0,0,1,0,0,0,0,0,0,0,0,108097.9847289
DPWDTVAMKRARNMLAACKSRQRKMQRFDDLEDKIAKLEA,4,3,-39.10000000000001,40,6,1,5,2,1,0,0,1,5,3,3,1,1,2,5,1,1,1,1,0,0,0,0,0,0,1,1,0,0,0,0,0,0,0,107920.96451209998
DPNDTVAMKRARNTLVAQKSIQRKMQRFYELEDKIAKLEA,4,3,-36.7,40,5,0,3,3,1,0,0,2,5,3,2,2,1,3,4,1,2,2,0,1,0,0,0,0,0,1,0,0,0,0,0,0,0,0,107911.64027320003
DPNDTVLKKRARNTLAARKSRKRKMQRFDELEDKIAKLVA,5,7,-47.800000000000004,40,5,0,4,2,1,0,0,1,7,4,1,2,1,1,6,1,2,2,0,0,0,0,0,0,0,1,0,0,0,0,0,0,0,0,107878.68733049993
DPNDYVAMKRARQTLAARKSRQRKMQRFDELEDKIAVLEA,3,3,-43.800000000000004,40,6,0,4,3,1,0,0,1,4,3,2,1,1,3,6,1,1,2,0,1,0,0,0,1,0,1,0,0,0,0,0,0,0,0,107862.89325309999
DPNDTVAMKRAYNTLAARKSRQRKNQRFEELEDKIAYLEA,4,2,-50.900000000000006,40,6,0,3,4,1,0,0,1,4,3,1,3,1,2,5,1,2,1,0,2,0,0,0,0,0,1,0,0,0,0,0,0,0,0,107787.84161260001
DPNDTVAPKRARPTLAARKSRQRKMQRFDELEDKIAKLEA,2,4,-52.900000000000006,40,6,0,4,3,1,0,0,1,5,3,1,1,3,2,6,1,2,1,0,0,0,0,0,0,0,1,0,0,0,0,0,0,0,0,107771.07201239996
DVNDTPAMKPARNTLAARKVRQRKMQRFDELEDKIAKLEA,4,3,-43.400000000000006,40,6,0,4,3,1,0,0,1,5,3,2,2,2,2,5,0,2,2,0,0,0,0,0,0,0,1,0,0,0,0,0,0,0,0,107711.91656499993
DKNDTVAMKRARNTLQALKCRQRKSQRFDELEDKIAKLEA,5,4,-50.0,40,5,1,4,3,1,0,0,1,6,4,1,2,0,3,5,1,2,1,0,0,0,0,0,0,0,1,0,0,0,0,0,0,0,0,107698.09833130009
IPNDTYAMKRARNTLAARKSRQRKMPRLDELEDKIAKLEA,4,5,-45.90000000000001,40,6,0,3,3,0,0,0,2,5,4,2,2,2,1,6,1,2,0,0,1,0,0,0,0,0,1,1,0,0,0,0,0,0,0,107559.9367052
DPNDTVAMQRARNYLAARKSRQRKMQRFDELEDKIAKLEM,3,3,-51.400000000000006,40,5,0,4,3,1,0,0,1,4,3,3,2,1,3,6,1,1,1,0,1,0,0,0,0,0,1,0,0,0,0,0,0,0,0,107503.86540520003
DPNDDVAMKRARNTLAARKSRVRKTQRFDELEDKIAKLEA,3,3,-49.00000000000001,40,6,0,5,3,1,0,0,1,5,3,1,2,1,1,6,1,2,2,0,0,0,0,0,0,0,1,0,0,0,0,0,0,0,0,107476.05541849993
DPNDTVAMKRARMTLYARKSRQRKMQRFDELEDKIAMLEA,3,3,-43.20000000000001,40,5,0,4,3,1,0,0,1,4,3,4,1,1,2,6,1,2,1,0,1,0,0,0,0,0,1,0,0,0,0,0,0,0,0,107350.1018914
DNNDCVAMKVARNTLAARFSRQRKMQRFDELEDKIAKLEA,4,2,-34.60000000000001,40,6,1,4,3,2,0,0,1,4,3,2,3,0,2,5,1,1,2,0,0,0,0,0,0,0,1,0,0,0,0,0,0,0,0,107305.33340000003
DPYDTVAMKRYRNTLAARKSRQRKMQRYDLLEDKIAHLEA,5,4,-48.300000000000004,40,5,0,4,2,0,0,1,1,4,4,2,1,1,2,6,1,2,1,0,3,0,0,0,0,0,1,1,0,0,0,0,0,0,0,107171.87611970004
DPNDTVAMKRRRNTLAARKSRQRKMQRFYELEMKQAMLEA,5,6,-52.20000000000001,40,5,0,2,3,1,0,0,0,4,3,4,2,1,3,7,1,2,1,0,1,0,0,0,0,0,1,0,0,0,0,0,0,0,0,107132.487703
DPNDTVAMKPARNTLAARKRRQRKMQRFDELEDKIAKLEA,2,4,-52.10000000000001,40,6,0,4,3,1,0,0,1,5,3,2,2,2,2,6,0,2,1,0,0,0,0,0,0,0,1,0,0,0,0,0,0,0,0,106975.13377949994
DPNDNVAMKPARNTLAARKRRQRKMQRFDELEDKIAKLEA,3,4,-54.900000000000006,40,6,0,4,3,1,0,0,1,5,3,2,3,2,2,6,0,1,1,0,0,0,0,0,0,0,1,0,0,0,0,0,0,0,0,106966.74438139991
DPNDTVHMVRARNTLAARKSRQRKMQRFYELEDKIAKLEL,4,4,-44.0,40,4,0,3,3,1,0,1,1,4,4,2,2,1,2,6,1,2,2,0,1,0,0,0,0,0,2,0,0,0,0,0,0,0,0,106900.28086370001
DPNDTVMMKRARNTLAQRKSRQRKMQRFDELEDKIAVLEA,3,3,-48.400000000000006,40,4,0,4,3,1,0,0,1,4,3,3,2,1,3,6,1,2,2,0,0,0,0,0,0,0,1,0,0,0,0,0,0,0,0,106875.0803641
DYNDTVAMKRCRNYLAARKSRQRKMPRFDELEDKIAKLEA,4,4,-49.00000000000001,40,5,1,4,3,1,0,0,1,5,3,2,2,1,1,6,1,1,1,0,2,0,0,0,1,0,1,0,0,0,0,0,0,0,0,106783.3585374
DENDNVRMKRSRNTLAARKSRQRKMQRFDELEDKIAKLEA,5,4,-64.90000000000002,40,4,0,4,4,1,0,0,1,5,3,2,3,0,2,7,2,1,1,0,0,0,0,0,0,0,1,0,0,0,0,0,0,0,0,106691.52300129998
DPNDTVVMKHARNKLAARKSRQRKMQRNDELEDKIAKLEA,4,4,-57.1,40,5,0,4,3,0,0,1,1,6,3,2,3,1,2,5,1,1,2,0,0,0,0,0,0,0,1,0,0,0,0,0,0,0,0,106604.74608659999
DPNDTVAMKRARNTLYARKSRQRKMRRFYELEDKIAMLEA,5,5,-47.400000000000006,40,5,0,3,3,1,0,0,1,4,3,3,2,1,1,7,1,2,1,0,2,0,0,0,0,0,1,0,0,0,0,0,0,0,0,106451.85601560005
DPNDTVAMKRYRNTLAARKSRQRKMQRFDELEDKIAHLEA,2,3,-53.70000000000001,40,5,0,4,3,1,0,1,1,4,3,2,2,1,2,6,1,2,1,0,1,0,0,0,0,0,1,0,0,0,0,0,0,0,0,106408.45133040001
LPNDTVAWKIARNTLAARKSRQRKMQRFDELEDKIAKLEA,4,4,-37.80000000000001,40,6,0,3,3,1,0,0,2,5,4,1,2,1,2,5,1,2,1,1,0,0,0,0,0,0,1,0,0,0,0,0,0,0,0,106339.88247699995
LPNDTVAWKIARNTLAARKSRQRKMQRFDELEDKIAKLEA,3,4,-37.80000000000001,40,6,0,3,3,1,0,0,2,5,4,1,2,1,2,5,1,2,1,1,0,0,0,0,0,0,1,0,0,0,0,0,0,0,0,106339.88247699995
DPNGTVAMKRARNTLAAEKKRQRKMQRFDELEDKIAKLEA,4,4,-50.300000000000004,40,6,0,3,4,1,1,0,1,6,3,2,2,1,2,5,0,2,1,0,0,0,0,0,0,0,1,0,0,0,0,0,0,0,0,106317.80396999996
DPNDTVAMKPCRNTLAARKRRQRKMQRFDELEDKIAKLEA,3,4,-51.400000000000006,40,5,1,4,3,1,0,0,1,5,3,2,2,2,2,6,0,2,1,0,0,0,0,0,0,0,1,0,0,0,0,0,0,0,0,106297.83239099993
DPNDTYAMKRARNTLAARKSCQRKMQRFDELEDKIAKLEA,2,3,-49.800000000000004,40,6,1,4,3,1,0,0,1,5,3,2,2,1,2,5,1,2,0,0,1,0,0,0,0,0,1,1,0,0,0,0,0,0,0,106285.27759650002
DPYYTVAMKRARNTCAARKSRQRKMQRFDELEDKIAKLEY,4,5,-51.300000000000004,40,5,1,3,3,1,0,0,1,5,2,2,1,1,2,6,1,2,1,0,3,0,0,0,1,0,1,1,1,0,0,0,0,0,0,106198.90360660004
DPYYTVAMKRARNTCAARKSRQRKMQRFDELEDKIAKLEY,5,5,-51.300000000000004,40,5,1,3,3,1,0,0,1,5,2,2,1,1,2,6,1,2,1,0,3,0,0,0,1,0,1,1,1,0,0,0,0,0,0,106198.90360660004
DPNDTVKMKRARRELAARKSRQRKMQRFDELEDKIAHLEA,5,4,-60.10000000000002,40,5,0,4,4,1,0,1,1,5,3,2,1,1,2,7,1,1,1,0,0,0,0,0,0,0,2,0,0,0,0,0,0,0,0,106189.33549930001
DPNDTVAMKRCRNTLAARKSCQRKMQRFDELEDKIAKLEA,4,3,-43.60000000000001,40,5,2,4,3,1,0,0,1,5,3,2,2,1,2,5,1,2,1,0,0,0,0,0,0,0,1,0,0,0,0,0,0,0,0,106182.7697486
DPNDTVAMKRCRNTLAARKSCQRKMQRFDELEDKIAKLEA,3,3,-43.60000000000001,40,5,2,4,3,1,0,0,1,5,3,2,2,1,2,5,1,2,1,0,0,0,0,0,0,0,1,0,0,0,0,0,0,0,0,106182.7697486
RPNDTVAMKRARNTLAARKSCQRKMQNFDELEDKIAKLEA,3,4,-44.30000000000001,40,6,1,3,3,1,0,0,1,5,3,2,3,1,2,5,1,2,1,0,0,0,0,0,0,0,1,0,0,0,0,0,0,0,0,106145.69105640001
DENDTVAMKVARNTLMARKSRQRKMQRFDELEDKIAKLEA,3,2,-44.40000000000001,40,5,0,4,4,1,0,0,1,5,3,3,2,0,2,5,1,2,2,0,0,0,0,0,0,0,1,0,0,0,0,0,0,0,0,106109.81405100001
DPNWTFAMKIARNTLAARKSRQRKMQRFDLLNDKIAKLEA,5,6,-33.800000000000004,40,6,0,3,1,2,0,0,2,5,4,2,3,1,2,5,1,2,0,1,0,0,0,0,0,0,1,0,1,0,0,0,0,0,0,105795.65600749991
DPNDTVAMKRARNTLAARKSRQRKMQRFDELEDKIAYLEA,1,3,-48.70000000000001,40,6,0,4,3,1,0,0,1,4,3,2,2,1,2,6,1,2,1,0,1,0,0,0,0,0,1,0,0,0,0,0,0,0,0,105677.75390479993
DPNDTVAMKRARNTLAARKSRQRKMQRDDELEDKIAYLEA,2,2,-55.00000000000001,40,6,0,5,3,0,0,0,1,4,3,2,2,1,2,6,1,2,1,0,1,0,0,0,0,0,1,0,0,0,0,0,0,0,0,105652.84720360002
RPNDTVAMKIARNTLAARKSRQRKMQNKIELEDKIAKLEA,5,6,-41.00000000000001,40,6,0,2,3,0,0,0,3,6,3,2,3,1,2,5,1,2,1,0,0,0,0,0,0,0,1,0,0,0,0,0,0,0,0,105640.70442480003
DPNDTVAMKRFRNTLAARISRQRKMQRFDELEDKIACLEA,3,2,-35.50000000000001,40,5,1,4,3,2,0,0,2,3,3,2,2,1,2,6,1,2,1,0,0,0,0,0,0,0,1,0,0,0,0,0,0,0,0,105572.58725480003
DPNDTVAMKRARNTLSARKSRQRKMYRFDELEDKIAHLEA,3,3,-51.00000000000001,40,5,0,4,3,1,0,1,1,4,3,2,2,1,1,6,2,2,1,0,1,0,0,0,0,0,1,0,0,0,0,0,0,0,0,105549.4974421
DPNDTVAMKRARPELIARKSRQRKMQRVDELEDKIAKLEA,5,3,-48.1,40,5,0,4,4,0,0,0,2,5,3,2,1,2,2,6,1,1,2,0,0,0,0,0,0,0,2,0,0,0,0,0,0,0,0,105522.11528499995
DPNDTVAMKRMRNTLAARKSRQRKMQRFDELEDKIAILEA,3,3,-42.800000000000004,40,5,0,4,3,1,0,0,2,4,3,3,2,1,2,6,1,2,1,0,0,0,0,0,0,0,1,0,0,0,0,0,0,0,0,105448.12116859999
DPNDTVAMKRMRNTLAARKSRQRKMQRFDELEDKIAILEA,2,3,-42.800000000000004,40,5,0,4,3,1,0,0,2,4,3,3,2,1,2,6,1,2,1,0,0,0,0,0,0,0,1,0,0,0,0,0,0,0,0,105448.12116859999
DPNDNVAMKPVRNTLAARKRRQRKMQRFEELEDKIAKLEA,5,4,-52.5,40,5,0,3,4,1,0,0,1,5,3,2,3,2,2,6,0,1,2,0,0,0,0,0,0,0,1,0,0,0,0,0,0,0,0,105394.60993189992
DRNDTVAMKRCRNTLAARKSCQRKMQRFDELEDKIAKLEA,5,4,-46.50000000000001,40,5,2,4,3,1,0,0,1,5,3,2,2,0,2,6,1,2,1,0,0,0,0,0,0,0,1,0,0,0,0,0,0,0,0,105286.415229
DPNDTVYMKRARNTLAARESRQRKMQRPDELEDKIAKLEA,3,2,-58.400000000000006,40,5,0,4,4,0,0,0,1,4,3,2,2,2,2,6,1,2,1,0,1,0,0,0,0,0,1,0,1,0,0,0,0,0,0,105283.66702730003
GPNDFVEMKRARNTLAARKSRQRKMQRFDELEDKCAYLEA,5,3,-49.400000000000006,40,5,1,3,4,2,1,0,0,4,3,2,2,1,2,6,1,1,1,0,1,0,0,0,1,1,1,0,0,0,0,0,0,0,0,105218.74800539999
DPNDTDAMKRIRNTLAARKSRQRNMQRFDELEMKIAKLEA,5,3,-50.50000000000001,40,5,0,4,3,1,0,0,2,4,3,3,3,1,2,6,1,2,0,0,0,0,0,0,0,0,1,0,0,0,0,0,0,0,0,105088.62683940002
DPNDTVAMKRARNTLAARHSCQRKMQRFDELEDKIAKLEA,2,2,-43.60000000000001,40,6,1,4,3,1,0,1,1,4,3,2,2,1,2,5,1,2,1,0,0,0,0,0,0,0,1,0,0,0,0,0,0,0,0,105081.13375490005
DWNFTVAMYRARNTLAARKTRQRKMQRFDELEDKIAKLEA,5,4,-41.60000000000001,40,6,0,3,3,2,0,0,1,4,3,2,2,0,2,6,0,3,1,1,1,0,0,0,1,1,1,0,1,0,0,0,0,0,0,105025.03880499997
DPNDTVAMLRQRNYHAARKSRQRKMQRFDELEDKIAKLEA,4,3,-56.50000000000001,40,5,0,4,3,1,0,1,1,4,3,2,2,1,3,6,1,1,1,0,1,0,0,0,0,0,1,0,0,0,0,0,0,0,0,105014.13710200002
DPNDCVAMKRARNTLRARKSRQRKMQRKDELEDKIAKLEY,4,6,-64.2,40,4,1,4,3,0,0,0,1,6,3,2,2,1,2,7,1,1,1,0,1,0,0,0,1,0,1,0,0,0,0,0,0,0,0,104994.2077792
DQNDMVAYKRARNTLAAAKSRQRKMQRFDELEYKIAKLEA,5,4,-45.300000000000004,40,7,0,3,3,1,0,0,1,5,3,2,2,0,3,5,1,1,1,0,2,0,0,0,1,0,1,0,1,0,0,0,0,0,0,104977.90133110006
DPNDTVAMKRASNTLAARKSRQRLMQRFDELEDKIAKLDA,3,2,-39.900000000000006,40,6,0,5,2,1,0,0,1,4,4,2,2,1,2,5,2,2,1,0,0,0,0,0,0,0,1,0,0,0,0,0,0,0,0,104970.33074069995
DPNDTVMMKRARNTLVARKSRQRKMYRFDELEDKIAKLET,4,4,-49.10000000000001,40,3,0,4,3,1,0,0,1,5,3,3,2,1,1,6,1,3,2,0,1,0,0,0,0,0,1,0,0,0,0,0,0,0,0,104912.22456060004
DFPDTVAMKVARNTLAARKSRQRKMQRFDELEDKIAKLEA,3,3,-36.30000000000001,40,6,0,4,3,2,0,0,1,5,3,2,1,1,2,5,1,2,2,0,0,0,0,0,1,1,1,0,0,0,0,0,0,0,0,104901.05175649999
IPNDTVAMKRARNTLAAFKSRQRKMQRNFELEDKIAKLEA,5,5,-36.000000000000014,40,6,0,2,3,2,0,0,2,5,3,2,3,1,2,5,1,2,1,0,0,0,0,0,0,0,1,0,0,0,0,0,0,0,0,104873.95805870002
YPNDTVAMKRFRNTLAARISRQRKMQRFDELEDKIACLER,5,4,-39.599999999999994,40,4,1,3,3,2,0,0,2,3,3,2,2,1,2,7,1,2,1,0,1,0,0,0,0,0,1,0,0,0,0,0,0,0,0,104850.619968
DPNDTVAMKVARNTLAARKSCQRKMQRFDELEQKIAKLEA,3,3,-35.60000000000001,40,6,1,3,3,1,0,0,1,5,3,2,2,1,3,4,1,2,2,0,0,0,0,0,0,0,1,0,0,0,0,0,0,0,0,104841.86241490002
DPNDTVAMKRARSTLAARKCRQKKMQRFDELEDCIAKLEE,5,2,-43.6,40,5,2,4,4,1,0,0,1,5,3,2,1,1,2,5,1,2,1,0,0,0,0,0,0,0,1,0,0,0,0,0,0,0,0,104808.20716289994
DPNDTVNMKRARNTLAARKFRQRKMQRFDELEIKIIKLEN,5,5,-47.599999999999994,40,3,0,3,3,2,0,0,3,5,3,2,4,1,2,6,0,2,1,0,0,0,0,0,0,0,1,0,0,0,0,0,0,0,0,104766.7945925
DNNDTKAMKRARNTLAARKTRQRKMKRFDELEDEIAKLEA,5,4,-61.199999999999996,40,6,0,4,4,1,0,0,1,6,3,2,3,0,1,6,0,3,0,0,0,0,0,0,0,0,1,0,0,0,0,0,0,0,0,104726.47487799992
DPNDTVAMKRARNTLAARKSCQRKLQRFDELEDKIAKLEA,2,3,-42.400000000000006,40,6,1,4,3,1,0,0,1,5,4,1,2,1,2,5,1,2,1,0,0,0,0,0,0,0,1,0,0,0,0,0,0,0,0,104714.05560310006
DPNDTVAMKRARNTLAARKKRQRKMQRFDELVDKIAKLEA,2,6,-46.7,40,6,0,4,2,1,0,0,1,6,3,2,2,1,2,6,0,2,2,0,0,0,0,0,0,0,1,0,0,0,0,0,0,0,0,104694.69448679993
DPNDTVAMKRARNTLQARKSRQRKMYHFMELEDKIAKLEA,4,4,-47.70000000000001,40,5,0,3,3,1,0,1,1,5,3,3,2,1,2,5,1,2,1,0,1,0,0,0,0,0,1,0,0,0,0,0,0,0,0,104639.86750540005
DPIDTVAMKRCRNTLAARKSCQRKMQRFDELEDKIAKLEA,5,3,-35.60000000000001,40,5,2,4,3,1,0,0,2,5,3,2,1,1,2,5,1,2,1,0,0,0,0,0,0,0,1,0,0,0,0,0,0,0,0,104561.18473669999
PPNDTVMMKRARNTLAQRKSRQRKMQRFDELEDKIAVLEA,4,4,-46.50000000000001,40,4,0,3,3,1,0,0,1,4,3,3,2,2,3,6,1,2,2,0,0,0,0,0,0,0,1,0,0,0,0,0,0,0,0,104539.98817650002
DPNDTVAMARAFNTLAARKSRQRKMQRFHELEDKIARLEA,4,3,-38.6,40,7,0,3,3,2,0,1,1,3,3,2,2,1,2,6,1,2,1,0,0,0,0,0,0,0,1,0,0,0,0,0,0,0,0,104490.70628020001
DPNDTVYMKRARNTLQQRKSRMRKMQRFDELEDKIAKLEA,4,4,-59.600000000000016,40,3,0,4,3,1,0,0,1,5,3,3,2,1,3,6,1,2,1,0,1,0,0,0,0,0,1,0,1,0,0,0,0,0,0,104398.11283020001
DPNDEVAMKRARNTLHARKIRQRKMQRFMELEDKIAKLEA,5,4,-48.400000000000006,40,5,0,3,4,1,0,1,2,5,3,3,2,1,2,6,0,1,1,0,0,0,0,0,0,0,1,0,0,0,0,0,0,0,0,104343.98306349995
DPNDTVAMKFQRNTLYARKSRQRKMQYFDELEDKIMKLEA,5,2,-49.1,40,3,0,4,3,2,0,0,1,5,3,3,2,1,3,4,1,2,1,0,2,0,0,0,0,0,1,0,0,0,0,0,1,0,0,104293.91091690001
DCNDTVAMKRARNTLKARKSRQRKMQGFDELEDKIAYLEA,4,3,-46.2,40,5,1,4,3,1,1,0,1,5,3,2,2,0,2,5,1,2,1,0,1,0,0,0,0,0,1,0,0,0,0,0,0,0,0,104242.84919930004
DPNDTVAMKRARNTLAARKSRQRKMFRFMELEDKIAKLEM,3,5,-39.500000000000014,40,5,0,3,3,2,0,0,1,5,3,4,2,1,1,6,1,2,1,0,0,0,0,0,0,0,1,0,0,0,1,0,0,0,0,104242.43847790002
DPNDTVAPKRARNMLFACKSRQRKMQRFDELEDKIAKLEK,5,4,-49.900000000000006,40,4,1,4,3,2,0,0,1,6,3,2,2,2,2,5,1,1,1,0,0,0,0,0,0,0,1,0,0,0,0,0,0,0,0,104132.38036670003
DPNDTVAMKRARNTLLGRKSRQRKMQRTDELEEKIAYLEA,5,3,-52.40000000000001,40,4,0,3,4,0,1,0,1,4,4,2,2,1,2,6,1,3,1,0,1,0,0,0,0,0,1,0,0,0,0,0,0,0,0,104098.28015350005
DPNDTVAMKRARNTLAARKSAQRKMQRFDVLEDKIAKLEA,2,4,-37.3,40,7,0,4,2,1,0,0,1,5,3,2,2,1,2,5,1,2,2,0,0,0,0,0,0,0,0,0,0,0,0,0,0,0,0,104068.8402604999
DPNDDAAWKRARNTLAARKSRQRKMQRFDELEDKIAYLEA,4,2,-56.7,40,7,0,5,3,1,0,0,1,4,3,1,2,1,2,6,1,1,0,1,1,0,0,0,0,0,1,0,1,0,0,0,0,0,0,104025.00267699998
DDNDTVAMKRKLNTLAARKSRQRKMQRFDELEDKINKLEA,4,3,-55.900000000000006,40,4,0,5,3,1,0,0,1,6,4,2,3,0,2,5,1,2,1,0,0,0,0,0,0,0,1,0,0,0,0,0,0,0,0,104008.1027685
DPNDYVVMKRARNTLMARKSRQRKMQRFDELEDKIAKLEA,3,4,-49.400000000000006,40,4,0,4,3,1,0,0,1,5,3,3,2,1,2,6,1,1,2,0,1,0,0,0,1,0,1,0,0,0,0,0,0,0,0,104002.5444899
DPNDTFAMKRAYNTLAARKSRQRKNQRFDELEDKIAYLEA,4,2,-52.300000000000004,40,6,0,4,3,2,0,0,1,4,3,1,3,1,2,5,1,2,0,0,2,0,0,0,0,0,1,1,0,0,0,0,1,0,0,103960.91749910003
DPNDEVAMKRSRNTLAARKSRQRKMFRFDELEDKIAKLEA,3,3,-50.400000000000006,40,5,0,4,4,2,0,0,1,5,3,2,2,1,1,6,2,1,1,0,0,0,0,0,0,0,1,0,0,0,1,0,0,0,0,103912.74359949997
DPNDTVAMKRARNTCAARKSRQRKMQRFYELEDKIAKLEI,3,5,-47.7,40,5,1,3,3,1,0,0,2,5,2,2,2,1,2,6,1,2,1,0,1,0,0,0,0,0,1,0,0,0,0,0,0,0,0,103753.25859170001
DPNDTVAMDIERNTLAARKSRQRKMQRFDELEDKIAALEA,4,-1,-41.500000000000014,40,6,0,5,4,1,0,0,2,3,3,2,2,1,2,5,1,2,1,0,0,0,0,0,0,0,1,0,0,0,0,0,0,0,0,103619.9169196
DPNLIVAMKRARNTLSARSSRQRKMQYFDELEDKIAKLEA,5,3,-35.10000000000001,40,5,0,3,3,1,0,0,2,4,4,2,2,1,2,5,3,1,1,0,1,0,0,0,0,0,1,0,0,0,0,0,0,0,0,103600.24585730002
MPCDTVAMKRALNTLAARKSRQRKMQRFDELEDKIAYLEA,4,3,-29.0,40,6,1,3,3,1,0,0,1,4,4,3,1,1,2,5,1,2,1,0,1,0,0,0,0,0,1,0,0,0,0,0,0,0,0,103589.70724090001
DPNDTVAMKRAYNHLAARKSRQRKNQRFEELEDKIAYLEA,5,2,-53.400000000000006,40,6,0,3,4,1,0,1,1,4,3,1,3,1,2,5,1,1,1,0,2,0,0,0,0,0,1,0,0,0,0,0,0,0,0,103556.0446697
DPNDCVAMKRARNTLHARKSRQRKMQRKDELEDKVAKLEA,4,5,-60.1,40,5,1,4,3,0,0,1,0,6,3,2,2,1,2,6,1,1,2,0,0,0,0,0,0,0,1,0,0,0,0,0,0,0,0,103544.51381979995
DPNDTVAMKRARNTLAAQKSRMRKMQRFFELEDKIAKLEA,3,4,-38.60000000000001,40,6,0,3,3,2,0,0,1,5,3,3,2,1,2,5,1,2,1,0,0,0,0,0,0,0,1,0,0,1,0,0,0,0,0,103515.64077210001
DPNDTWAMKRARNTLAARKSIQRKMQRFDILEDKIAKLEA,3,4,-39.400000000000006,40,6,0,4,2,1,0,0,3,5,3,2,2,1,2,5,1,2,0,1,0,0,0,0,0,0,0,1,0,0,0,0,0,0,0,103467.3516938
DCQDTVAMKRARNTLAAMKSRQRKMQRFDELEDKIAKLEA,3,3,-40.80000000000001,40,6,1,4,3,1,0,0,1,5,3,3,1,0,3,5,1,2,1,0,0,0,0,0,0,0,1,0,0,0,0,0,0,0,0,103461.43731310003
DPNDTLAMKLARNTLAARKSRCRQMQRFDELEDKIAKLEN,5,2,-42.30000000000001,40,5,1,4,3,1,0,0,1,4,5,2,3,1,2,5,1,2,0,0,0,0,0,0,0,0,1,0,0,0,0,0,0,0,0,103375.36810779998
DPNDTVAIKRARNTCAARKSRVRKMQRFDELEDKIAKLEA,3,4,-42.30000000000001,40,6,1,4,3,1,0,0,2,5,2,1,2,1,1,6,1,2,2,0,0,0,0,0,0,0,1,0,0,0,0,0,0,0,0,103335.54773899993
DPNDTVAIKRARNTCAARKSRVRKMQRFDELEDKIAKLEA,4,4,-42.30000000000001,40,6,1,4,3,1,0,0,2,5,2,1,2,1,1,6,1,2,2,0,0,0,0,0,0,0,1,0,0,0,0,0,0,0,0,103335.54773899993
DPNQTVLMKRARNTLIARKSRQRKMQRFDELEDKIAKTEA,4,5,-51.10000000000001,40,4,0,3,3,1,0,0,2,5,3,2,2,1,3,6,1,3,1,0,0,0,0,0,0,0,1,0,0,0,0,0,0,0,0,103301.89916799992
DPFDTVAMKVARNTLAARKSRQRKMIRFDELEDKIEKLEA,4,2,-33.599999999999994,40,5,0,4,4,2,0,0,2,5,3,2,1,1,1,5,1,2,2,0,0,0,0,0,0,0,1,1,0,0,0,0,0,0,0,103136.8988365
DPLDTVAMKRARNTLLARKSRQRKMQCFDELEDKIAKLEA,3,3,-35.0,40,5,1,4,3,1,0,0,1,5,5,2,1,1,2,5,1,2,1,0,0,0,0,0,0,0,1,0,0,0,0,0,0,0,0,103126.16989149997
DPNDTVAMKRARNTLLARKSRQRKMQRFDELEDKIAYLEA,2,3,-46.70000000000001,40,5,0,4,3,1,0,0,1,4,4,2,2,1,2,6,1,2,1,0,1,0,0,0,0,0,1,0,0,0,0,0,0,0,0,103068.88244659998
DPNDTVRMKRARNTLAARKSDQRKMQRFDELEDKIAKLEA,2,3,-56.60000000000001,40,5,0,5,3,1,0,0,1,5,3,2,2,1,2,6,1,2,1,0,0,0,0,0,0,0,1,0,0,0,0,0,0,0,0,102944.29477539998
DPNDTYAMKRARNTLANRKSRQRKMQRFDELEDKIAILEA,3,3,-53.7,40,5,0,4,3,1,0,0,2,4,3,2,3,1,2,6,1,2,0,0,1,0,0,0,0,0,1,1,0,0,0,0,0,0,0,102905.4502212
DPNDTVAMKRARNTCAARKSCQRKAQRFDELEDKIAKLEA,3,3,-45.7,40,7,2,4,3,1,0,0,1,5,2,1,2,1,2,5,1,2,1,0,0,0,0,0,0,0,1,0,0,0,0,0,0,0,0,102860.21779659994
DPNDDVAWKRARNTLAARDSRQRKMQRFDELEDKIAYLEA,4,0,-53.900000000000006,40,6,0,6,3,1,0,0,1,3,3,1,2,1,2,6,1,1,1,1,1,0,0,0,0,0,1,0,1,0,0,0,0,0,0,102688.35389750003
DPNDTVAMKRARNTLALRKSRQRKMSRFDELEDKIAKLEY,3,4,-49.7,40,4,0,4,3,1,0,0,1,5,4,2,2,1,1,6,2,2,1,0,1,0,0,0,1,0,1,0,0,0,0,0,0,0,0,102642.26588690003
DPNDTVAMQRARNTQAARKSRQNKMQNFDELEDKIARLEA,5,1,-56.800000000000004,40,6,0,4,3,1,0,0,1,3,2,2,4,1,4,5,1,2,1,0,0,0,0,0,0,0,1,0,0,0,0,0,0,0,0,102622.30769670001
DLNDTVAMKRARNTLAARKSRQRKMYHFMELEDKIAKLEA,4,4,-37.000000000000014,40,6,0,3,3,1,0,1,1,5,4,3,2,0,1,5,1,2,1,0,1,0,0,0,0,0,2,0,0,0,0,0,0,0,0,102570.80276780008
DYNDTMAMKRARNTLAARKSRQRKMQRFDELEDKIAKLEE,3,3,-58.60000000000001,40,5,0,4,4,1,0,0,1,5,3,3,2,0,2,6,1,2,0,0,1,0,0,0,1,0,1,0,0,0,0,0,0,0,0,102449.33604920004
DPYDTVAMKRARNTLCARKSRHPKMQRFDELEDKIAKLEA,4,3,-45.20000000000001,40,5,1,4,3,1,0,1,1,5,3,2,1,2,1,5,1,2,1,0,1,0,0,0,0,0,1,1,0,0,0,0,0,0,0,102296.54671900002
DPNDTVAMKRARNTLWARKSRQRKMCYFDELEDKIAKLEQ,4,3,-50.1,40,4,1,4,3,1,0,0,1,5,3,2,2,1,2,5,1,2,1,1,1,0,0,0,0,0,1,0,0,0,0,0,0,0,0,102238.12824559998
DPNDTVGMKRARNTLAARKCRRRKMQRFDELEDKIAKLEA,4,5,-51.2,40,5,1,4,3,1,1,0,1,5,3,2,2,1,1,7,0,2,1,0,0,0,0,0,0,0,1,0,0,0,0,0,0,0,0,102185.63384209997
DPNDTVGMKRARNTLAARKCRRRKMQRFDELEDKIAKLEA,5,5,-51.2,40,5,1,4,3,1,1,0,1,5,3,2,2,1,1,7,0,2,1,0,0,0,0,0,0,0,1,0,0,0,0,0,0,0,0,102185.63384209997
DPNDTVAMKHLRNTLAARGSRQRKMQRNDELEDKIAYLEA,5,1,-48.2,40,5,0,4,3,0,1,1,1,3,4,2,3,1,2,5,1,2,1,0,1,0,0,0,0,0,1,0,0,0,0,0,0,0,0,102171.70486360001
DNNDTVAMKRAQNTLAASKSRQRKMQRFDELEDKIAKLEA,3,2,-48.50000000000001,40,6,0,4,3,1,0,0,1,5,3,2,3,0,3,4,2,2,1,0,0,0,0,0,0,0,1,0,0,0,0,0,0,0,0,102114.52350509998
DPNDTVFMKRARNTLLAQKSRQRKMQMFDELEDKIAKLEA,4,2,-40.900000000000006,40,4,0,4,3,2,0,0,1,5,4,3,2,1,3,4,1,2,1,0,0,0,0,0,0,0,1,0,1,0,0,0,0,0,0,102112.24912580002
DPNDTVDMKRARNTLAARKSRQRKMQRFDELEDKIAKLEY,2,3,-59.7,40,4,0,5,3,1,0,0,1,5,3,2,2,1,2,6,1,2,1,0,1,0,0,0,1,0,1,0,0,0,0,0,0,0,0,101970.7226418
DPNFTVLMKRARNTLAHRKSRQRKMQRFDELEDKIALLEA,4,4,-40.30000000000002,40,4,0,3,3,2,0,1,1,4,5,2,2,1,2,6,1,2,1,0,0,0,0,0,0,0,1,0,1,0,0,0,0,0,0,101957.2300756
DPNDTVAMKRARNTLAARKSCQRKMQRFDTLEDKIAKLEA,2,4,-41.500000000000014,40,6,1,4,2,1,0,0,1,5,3,2,2,1,2,5,1,3,1,0,0,0,0,0,0,0,0,0,0,0,0,0,0,0,0,101899.98262460003
DPNDTVFMKRARNTLLAQKSRQRKMQMIDELEDKIAKLEA,5,2,-39.2,40,4,0,4,3,1,0,0,2,5,4,3,2,1,3,4,1,2,1,0,0,0,0,0,0,0,1,0,1,0,0,0,0,0,0,101781.19436489997
DPNDTVAMVRARNTLAARGSRQRKKQRFYELEDKIAKLEL,5,4,-41.300000000000004,40,5,0,3,3,1,1,0,1,4,4,1,2,1,2,6,1,2,2,0,1,0,0,0,0,0,2,0,0,0,0,0,0,0,0,101710.45565690001
DPNDTVAMKRLRNILAARKSRQRKMQRFDELEDKIAKLEC,4,4,-43.400000000000006,40,4,1,4,3,1,0,0,2,5,4,2,2,1,2,6,1,1,1,0,0,0,0,0,0,0,1,0,0,0,0,0,0,0,0,101649.87635539999
DPNDTVAMKIARNTLAARFSRQRKMQRFDELEDKIAKLEA,2,2,-35.60000000000001,40,6,0,4,3,2,0,0,2,4,3,2,2,1,2,5,1,2,1,0,0,0,0,0,0,0,1,0,0,0,0,0,0,0,0,101612.67525849998
LPNDTVAWKIARNTLAARKSRQRKMQRFQELEDKIAKLEA,4,5,-37.80000000000001,40,6,0,2,3,1,0,0,2,5,4,1,2,1,3,5,1,2,1,1,0,0,0,0,0,0,1,0,0,0,0,0,0,0,0,101582.18092530001
DPNDIVAMKRARNTVAARKSRQRKMQRFDEKEDRIAKLEA,5,5,-54.00000000000001,40,6,0,4,3,1,0,0,2,5,1,2,2,1,2,7,1,1,2,0,0,0,0,0,0,0,0,0,0,0,0,0,0,0,0,101572.21278349996
DPNDIVAMKRARNTVAARKSRQRKMQRFDEKEDRIAKLEA,4,5,-54.00000000000001,40,6,0,4,3,1,0,0,2,5,1,2,2,1,2,7,1,1,2,0,0,0,0,0,0,0,0,0,0,0,0,0,0,0,0,101572.21278349996
DMNDTVDMKRARNTLAAMKIRQRKMQRFDELEDKIAKLEA,4,2,-41.400000000000006,40,5,0,5,3,1,0,0,2,5,3,4,2,0,2,5,0,2,1,0,0,0,0,0,0,0,1,0,0,0,0,0,0,0,0,101476.65421410002
DPNDMVAMKRARNTLAAAKSRQRKMQRFDELEYKIAKLEA,3,4,-40.2,40,7,0,3,3,1,0,0,1,5,3,3,2,1,2,5,1,1,1,0,1,0,0,0,1,0,1,0,1,0,0,0,0,0,0,101471.33969770005
DPFDTVAMKVARNTLAARKSRQRKMIRFDELEDKINKLEA,5,3,-33.599999999999994,40,5,0,4,3,2,0,0,2,5,3,2,2,1,1,5,1,2,2,0,0,0,0,0,0,0,1,1,0,0,0,0,0,0,0,101238.58678029997
DPNDTVAMKRARNYHAARKSRQRKMQRFDELEDKIAKLEY,3,4,-62.0,40,5,0,4,3,1,0,1,1,5,2,2,2,1,2,6,1,1,1,0,2,0,0,0,1,0,1,0,0,0,0,0,0,0,0,101228.18694050003
DPNDDVAWKRARNTLAARKSRQRKMQRFDELEDKIAYLEA,3,2,-54.300000000000004,40,6,0,5,3,1,0,0,1,4,3,1,2,1,2,6,1,1,1,1,1,0,0,0,0,0,1,0,1,0,0,0,0,0,0,101218.48906539995
DYNDTVAMKRARNTLAARKIRQRKMYRFDELEDKIAKLEL,4,4,-41.50000000000001,40,5,0,4,3,1,0,0,2,5,4,2,2,0,1,6,0,2,1,0,2,0,0,0,1,0,2,0,0,0,0,0,0,0,0,101208.65630319998
DPNDTVAMKRDRNTLLARKSRQRKMQRFDELEDKIAFLEA,3,2,-47.90000000000001,40,4,0,5,3,2,0,0,1,4,4,2,2,1,2,6,1,2,1,0,0,0,0,0,0,0,1,0,0,0,0,0,0,0,0,101199.41478630001
DPNDTVAMKEARNTLAARKSRQRKMQRFYYLEDKIAKLEA,3,4,-45.900000000000006,40,6,0,3,3,1,0,0,1,5,3,2,2,1,2,5,1,2,1,0,2,0,0,0,0,0,0,0,0,0,0,0,0,0,0,101186.44690550004
DPNDTVAKKRARNTLKARKSRQRKMQRFDELEDKYAKLEA,4,6,-68.60000000000001,40,5,0,4,3,1,0,0,0,7,3,1,2,1,2,6,1,2,1,0,1,0,0,0,0,0,1,1,1,0,0,0,0,0,0,101175.99141549999
DPNDTVDMKRARNTLAAQKSRQRKMQRFFELEDKIAKLEA,3,3,-49.30000000000001,40,5,0,4,3,2,0,0,1,5,3,2,2,1,3,5,1,2,1,0,0,0,0,0,0,0,1,0,0,1,0,0,0,0,0,101104.2720015
DSNDTVAGKRARPTLAARKSRQRKMQRFDELEDKIAKLEA,4,4,-50.900000000000006,40,6,0,4,3,1,1,0,1,5,3,1,1,1,2,6,2,2,1,0,0,0,0,0,0,0,1,0,0,0,0,0,0,0,0,101013.79442279991
DPNDTEAMKRARNTLAARKSRQRYMQRFHELEDKIAMLEA,5,2,-50.300000000000004,40,6,0,3,4,1,0,1,1,3,3,3,2,1,2,6,1,2,0,0,1,0,0,0,0,0,1,0,0,0,0,0,0,0,0,100963.81893010001
DPNDTVAMKRARNTLAARKSFQRKMQRFDELEDKFAKLEA,3,3,-45.70000000000001,40,6,0,4,3,3,0,0,0,5,3,2,2,1,2,5,1,2,1,0,0,0,0,0,0,0,1,1,1,0,0,0,0,0,0,100826.05473389993
DPNDTVAMKRARNTLWARKIRQRKMQYFDELEDKIAKLEA,3,3,-45.50000000000001,40,5,0,4,3,1,0,0,2,5,3,2,2,1,2,5,0,2,1,1,1,0,0,0,0,0,1,0,0,0,0,0,0,0,0,100810.19153679993
DPYDTVAMKRGRNTLAARNSRQRKMQRFDELEDKIALLEA,4,2,-43.20000000000001,40,5,0,4,3,1,1,0,1,3,4,2,2,1,2,6,1,2,1,0,1,0,0,0,0,0,1,1,0,0,0,0,0,0,0,100803.14259379996
DPNDTVAMKRARNTLAARGSCQRKMQRFDELEKKIAKLEE,5,3,-46.50000000000001,40,5,1,3,4,1,1,0,1,5,3,2,2,1,2,5,1,2,1,0,0,0,0,0,0,0,1,0,0,0,0,0,0,0,0,100703.61967130001
DPNDTVAPKRARNTLAARKSRQHKMQRFDELEDLIAYLRA,5,3,-44.20000000000001,40,6,0,4,2,1,0,1,1,3,4,1,2,2,2,6,1,2,1,0,1,0,1,0,0,0,2,0,0,0,0,0,0,0,0,100626.15891249997
DPNDTVAMKRARNTLAARKSRQTKMQRDDELEDKIAYLEA,3,1,-51.2,40,6,0,5,3,0,0,0,1,4,3,2,2,1,2,5,1,3,1,0,1,0,0,0,0,0,1,0,0,0,0,0,0,0,0,100598.93978600003
DPNDTVFMKRARNTLLAQKSRQRKMQMFDELEDKIAKLEI,5,2,-38.2,40,3,0,4,3,2,0,0,2,5,4,3,2,1,3,4,1,2,1,0,0,0,0,0,0,0,1,0,1,0,0,0,0,0,0,100542.84171880002
DPNDTVAMKRARNTLWARKSRQRKMCYFDELEDKIAKLEA,3,3,-44.800000000000004,40,5,1,4,3,1,0,0,1,5,3,2,2,1,1,5,1,2,1,1,1,0,0,0,0,0,1,0,0,0,0,0,0,0,0,100515.92533070002
DRNDTVACKRFRNTLAARKWRQRKMQRFDELEDKIAILEA,5,4,-44.300000000000004,40,5,1,4,3,2,0,0,2,4,3,1,2,0,2,7,0,2,1,1,0,0,0,0,0,0,1,0,0,0,0,0,0,0,0,100396.4459556
DPYDTVAMKRARNTLAARKSRQNKMQRNDELEDKIAKLES,4,3,-57.0,40,5,0,4,3,0,0,0,1,5,3,2,3,1,2,5,2,2,1,0,1,0,0,0,0,0,1,1,0,0,0,0,0,0,0,100393.4241775
DNNDTKAMKRARNTLAARKTRQRKMQRYDELEDEIAKLEA,5,3,-64.9,40,6,0,4,4,0,0,0,1,5,3,2,3,0,2,6,0,3,0,0,1,0,0,0,0,0,1,0,0,0,0,0,0,0,0,100375.07371589994
DPLRTVAMKRARNTLMARKSRQRKMQRFDELEDKIAKLEA,3,6,-44.90000000000001,40,5,0,3,3,1,0,0,1,5,4,3,1,1,2,7,1,2,1,0,0,0,0,0,0,0,1,0,0,0,0,0,0,0,0,100342.64251999996
DPNDTVAMKRARNTLAARKSSQRKMQRFDRLEDKIAKLEA,2,5,-48.60000000000001,40,6,0,4,2,1,0,0,1,5,3,2,2,1,2,6,2,2,1,0,0,0,0,0,0,0,0,0,0,0,0,0,0,0,0,100333.99427979991
DPNDTVAPKRAPNTLAARKSRQRKMQRFDELEDKIAKLEH,3,3,-56.900000000000006,40,5,0,4,3,1,0,1,1,5,3,1,2,3,2,5,1,2,1,0,0,0,0,0,0,0,1,0,0,0,0,0,0,0,0,100306.20544009993
DPNDTVAMKRLRNTLAARKSRQRKMQRFDELEYKIAKLEY,3,5,-50.2,40,4,0,3,3,1,0,0,1,5,4,2,2,1,2,6,1,2,1,0,2,0,0,0,2,0,1,0,1,0,0,0,0,0,0,100291.35362560005
DPNDTVAMKRARNYLAARQSRQRKMMRFDELEDKIAKLEA,3,3,-46.100000000000016,40,6,0,4,3,1,0,0,1,4,3,3,2,1,2,6,1,1,1,0,1,0,0,0,0,0,1,0,0,0,0,0,0,0,0,100289.14020560001
YPNDTVAMKRARNTQAARKSRQRKMQRSPILEDKIAKLEA,5,7,-50.1,40,6,0,2,2,0,0,0,2,5,2,2,2,2,3,6,2,2,1,0,1,0,0,0,0,0,0,0,0,0,0,0,0,1,0,100242.62026499999
DPNFTVAMKFQRNTLAARKSRQRKMQYFDELEDKIAKLEA,5,3,-39.80000000000001,40,5,0,3,3,3,0,0,1,5,3,2,2,1,3,4,1,2,1,0,1,0,0,0,0,0,1,0,1,0,0,0,1,0,0,100231.27764480001
DPNFTVAMKFQRNTLAARKSRQRKMQYFDELEDKIAKLEA,4,3,-39.80000000000001,40,5,0,3,3,3,0,0,1,5,3,2,2,1,3,4,1,2,1,0,1,0,0,0,0,0,1,0,1,0,0,0,1,0,0,100231.27764480001
DPNDTVAMKRLRNTLAARKSRMRKMQRYDELEDKIAKLEA,3,4,-48.0,40,5,0,4,3,0,0,0,1,5,4,3,2,1,1,6,1,2,1,0,1,0,0,0,0,0,1,0,0,0,0,0,0,0,0,100135.34264750002
KPNDTVAMKRARNTLAARKSFQRKKQRFDELEDKIAKLEA,3,6,-50.2,40,6,0,3,3,2,0,0,1,7,3,1,2,1,2,5,1,2,1,0,0,0,0,0,0,0,1,0,0,0,0,0,0,0,0,100105.39366899988
DPNKTVAMFRNRNTLAARKSRQRKMQCFFELEDKIAKLEA,5,5,-37.000000000000014,40,5,1,2,3,3,0,0,1,5,3,2,3,1,2,5,1,2,1,0,0,0,0,0,0,0,1,0,0,1,0,0,0,0,0,100081.52924430005
DPNDDVDWKRARNTLAARDSRQRKMQRFDELEDKIAYLEA,5,-1,-59.2,40,5,0,7,3,1,0,0,1,3,3,1,2,1,2,6,1,1,1,1,1,0,0,0,1,1,1,0,1,0,0,0,0,0,0,99915.41048910003
DPNDTVAMSRARNTLAARKSCQRKMQRFRELEDKIGKLEA,4,4,-44.4,40,5,1,3,3,1,1,0,1,4,3,2,2,1,2,6,2,2,1,0,0,0,0,0,0,0,1,0,0,0,0,0,0,0,0,99832.71470099999
DPIDTWAMKRANNTLAARKSIQRKMQRFDELEDKIAKLEA,4,2,-38.400000000000006,40,6,0,4,3,1,0,0,3,5,3,2,2,1,2,4,1,2,0,1,0,0,0,0,0,0,1,1,0,0,0,0,0,0,0,99809.63572820004
DPIDTWAMKRANNTLAARKSIQRKMQRFDELEDKIAKLEA,5,2,-38.400000000000006,40,6,0,4,3,1,0,0,3,5,3,2,2,1,2,4,1,2,0,1,0,0,0,0,0,0,1,1,0,0,0,0,0,0,0,99809.63572820004
PPNDTVAMKRARNTLAARKSFQRKMQRKDELEDKIAKLHA,4,6,-48.50000000000001,40,6,0,3,2,1,0,1,1,6,3,2,2,2,2,5,1,2,1,0,0,0,0,0,0,0,1,0,0,0,0,0,0,0,0,99761.80183489998
DPYDTVAMKRARNTLAVRKSRQNKMQRNDELEDKIAKLES,5,3,-54.6,40,4,0,4,3,0,0,0,1,5,3,2,3,1,2,5,2,2,2,0,1,0,0,0,0,0,1,1,0,0,0,0,0,0,0,99739.25304410007
QPNDTHAQKRARNTLAARKSRQRKMQRHDELEDKIAKLEA,5,5,-70.10000000000002,40,6,0,3,3,0,0,2,1,5,3,1,2,1,4,6,1,2,0,0,0,0,0,0,0,0,1,0,0,0,0,0,0,0,0,99713.73993969994
DPNDTVAMKRAYNTLAARKSRQRKMQRFDELEDKIAYLEA,2,2,-45.50000000000001,40,6,0,4,3,1,0,0,1,4,3,2,2,1,2,5,1,2,1,0,2,0,0,0,0,0,1,0,0,0,0,0,0,0,0,99670.84871389998
DNNDTVAMKRARNTAAASKSRQRKMQRFDELEDKIAHLEA,4,2,-50.80000000000001,40,7,0,4,3,1,0,1,1,4,2,2,3,0,2,5,2,2,1,0,0,0,0,0,0,0,1,0,0,0,0,0,0,0,0,99650.6880741
DPNDIVAMKRARNTLAARKSRQRKMQRFDEKEDRIAKLEA,3,5,-54.400000000000006,40,6,0,4,3,1,0,0,2,5,2,2,2,1,2,7,1,1,1,0,0,0,0,0,0,0,0,0,0,0,0,0,0,0,0,99648.18500969996
DPWDTVAMKRARNTLAARKKRQRKMQRHDELEDKIAKLEA,3,5,-57.800000000000004,40,6,0,4,3,0,0,1,1,6,3,2,1,1,2,6,0,2,1,1,0,0,0,0,0,0,1,1,0,0,0,0,0,0,0,99642.77466389998
DHNDTDFMKRARNTLTARKSRQRKMQRFDELEDKIAKLEI,5,3,-59.400000000000006,40,3,0,5,3,2,0,1,2,5,3,2,2,0,2,6,1,3,0,0,0,0,0,0,1,1,1,0,1,0,0,0,0,0,0,99492.31868950003
DDNDVVKMKRARNTLAARKMRQRKYQRFDELEDKIAKLEA,5,4,-54.50000000000001,40,5,0,5,3,1,0,0,1,6,3,2,2,0,2,6,0,1,2,0,1,0,0,0,0,0,1,0,0,0,0,0,0,0,0,99435.55584320003
DPNDTVAMKRARNELQARKSRQRKMYHFMELEDKIAKLEA,5,3,-50.50000000000001,40,5,0,3,4,1,0,1,1,5,3,3,2,1,2,5,1,1,1,0,1,0,0,0,0,0,2,0,0,0,0,0,0,0,0,99405.05388030002
DHNDTFAMKRARNTLAARKSRQRKMQRNDELEDKIAKLEA,3,4,-60.6,40,6,0,4,3,1,0,1,1,5,3,2,3,0,2,6,1,2,0,0,0,0,0,0,0,0,1,1,0,0,0,0,0,0,0,99399.63424659999
DLNDTVAMKRARNTLAARKSMQRKMQRFDELEDKIAKLEA,4,3,-39.5,40,6,0,4,3,1,0,0,1,5,4,3,2,0,2,5,1,2,1,0,0,0,0,0,0,0,2,0,0,0,0,0,0,0,0,99312.00896049991
DPNDTVAMKRARNTLEARKSRQRKMQRFDELEDKIAKLEY,2,3,-59.7,40,4,0,4,4,1,0,0,1,5,3,2,2,1,2,6,1,2,1,0,1,0,0,0,1,0,1,0,0,0,0,0,0,0,0,99308.271354
LPNDTVAMKIARNTLAARKSRQRKMQRFDELEDKIAKLEA,2,4,-35.0,40,6,0,3,3,1,0,0,2,5,4,2,2,1,2,5,1,2,1,0,0,0,0,0,0,0,1,0,0,0,0,0,0,0,0,99306.70845120001
DPNYTVAMKRARNTLAARMSRQRKMQYFDELEDKIAKLEA,3,3,-40.099999999999994,40,6,0,3,3,1,0,0,1,4,3,3,2,1,2,5,1,2,1,0,2,0,0,0,0,0,1,0,1,0,0,0,0,0,0,99297.63704590005
DPNDTVAMKRARNTLAARTSRQRKMQRFDELEDKIAYLEA,2,2,-45.50000000000001,40,6,0,4,3,1,0,0,1,3,3,2,2,1,2,6,1,3,1,0,1,0,0,0,0,0,1,0,0,0,0,0,0,0,0,99256.89192049998
DPNDTVAMKRAYNTLAARKSRQRKNQRFDELEDKIAYLEA,3,2,-50.900000000000006,40,6,0,4,3,1,0,0,1,4,3,1,3,1,2,5,1,2,1,0,2,0,0,0,0,0,1,0,0,0,0,0,0,0,0,99231.12839560003
DPNDTVAMKRARNVSAARTSRKRKMQRFDELEDKIAILEA,5,3,-39.80000000000001,40,6,0,4,3,1,0,0,2,4,2,2,2,1,1,6,2,2,2,0,0,0,0,0,0,0,1,0,0,0,0,0,0,0,0,99224.54862639995
DPNDTVAMKRYRNTLAARKSRQRKMQRFDELEDKIAHLED,3,2,-59.00000000000001,40,4,0,5,3,1,0,1,1,4,3,2,2,1,2,6,1,2,1,0,1,0,0,0,0,0,1,0,0,0,0,0,0,0,0,99223.56337999999
DPNDTVAMQRARNTQAARKSRHRKMQNFDELEDKIAKLEA,4,2,-56.900000000000006,40,6,0,4,3,1,0,1,1,4,2,2,3,1,3,5,1,2,1,0,0,0,0,0,0,0,1,0,0,0,0,0,0,0,0,99218.3202034
DPNDTVAMKWARNTLYARKSRQRKMQRSDELEDKIAKLEA,3,3,-54.400000000000006,40,5,0,4,3,0,0,0,1,5,3,2,2,1,2,5,2,2,1,1,1,0,0,0,0,0,1,0,0,0,0,0,0,0,0,99198.10527380001
NHNDTVQMKRARNTLAARKSGQRKMQRFDELEDKIAKLEM,5,4,-54.00000000000001,40,4,0,3,3,1,1,1,1,5,3,3,3,0,3,5,1,2,1,0,0,0,0,0,0,0,1,0,0,0,0,0,0,0,0,99178.0799423
DPNDTVMMKRARNTLVARKSRQRKMYRFDELEDKIAKLEA,3,4,-46.60000000000001,40,4,0,4,3,1,0,0,1,5,3,3,2,1,1,6,1,2,2,0,1,0,0,0,0,0,1,0,0,0,0,0,0,0,0,99117.21755420002
DPNDTVAMKRARNTLAARKSFQRKKQRFDELEDKIAKLEA,2,4,-49.800000000000004,40,6,0,4,3,2,0,0,1,6,3,1,2,1,2,5,1,2,1,0,0,0,0,0,0,0,1,0,0,0,0,0,0,0,0,99093.77995919989
DFNDTVAMKRFRNTLAARKSRQRKMQRFDELEDKIALLEA,3,3,-38.20000000000002,40,5,0,4,3,3,0,0,1,4,4,2,2,0,2,6,1,2,1,0,0,0,0,0,1,1,1,0,0,0,0,0,0,0,0,98963.27173279999
TPGKTVAMKRARNTLAARKTRQRKMQRFDELEDKIAKLEA,4,7,-45.70000000000001,40,6,0,2,3,1,1,0,1,6,3,2,1,1,2,6,0,4,1,0,0,0,0,0,0,0,1,0,0,0,0,0,0,0,0,98936.41098709992
DPNDTVAMKRARNTLAARKSLQRKNQRFDELEDKIAKLET,3,3,-50.900000000000006,40,5,0,4,3,1,0,0,1,5,4,1,3,1,2,5,1,3,1,0,0,0,0,0,0,0,1,0,0,0,0,0,0,0,0,98936.02337079993
DPNDTVAHKRSRNTLYARKSRQRKMQRFDELELKIAWLEA,5,4,-51.80000000000001,40,4,0,3,3,1,0,1,1,4,4,1,2,1,2,6,2,2,1,1,1,0,0,0,0,0,2,0,0,0,0,0,0,0,1,98838.66539630003
DPNYTVAMKRSRMNLAARKSRQRKMQRFRELEDKIAKLEA,5,7,-50.10000000000001,40,5,0,2,3,1,0,0,1,5,3,3,2,1,2,7,2,1,1,0,1,0,0,0,0,0,1,0,1,0,0,0,0,0,0,98819.56337120004
DPNDDVAMKRYRNTLAARKLRQRKMQRFDELEDKIAKLEA,3,3,-52.60000000000001,40,5,0,5,3,1,0,0,1,5,4,2,2,1,2,6,0,1,1,0,1,0,0,0,0,0,1,0,0,0,0,0,0,0,0,98817.62524540002
DPEDTVAMKFARNTLAARKSRQRKMQRFHELEVKIAKLEA,4,4,-36.000000000000014,40,6,0,2,4,2,0,1,1,5,3,2,1,1,2,5,1,2,2,0,0,0,0,0,0,0,1,0,0,0,0,0,0,0,0,98814.1734698
DPNYTVAMKRLRNTVWARKSRQRKMQRFDELEIKIAKLEA,5,6,-41.40000000000001,40,4,0,2,3,1,0,0,2,5,3,2,2,1,2,6,1,2,2,1,1,0,0,0,0,0,1,0,1,0,0,0,0,0,0,98814.07385280001
DPNDTVAMKRMRNTLPARKSRQRKMQRFDELEDKIAILEA,3,3,-46.20000000000001,40,4,0,4,3,1,0,0,2,4,3,3,2,2,2,6,1,2,1,0,0,0,0,0,0,0,1,0,0,0,0,0,0,0,0,98779.41150119998
DNNDTVAMKKARNTLAIRKSRMRKMQRFDELEDKIAKLES,5,4,-47.1,40,4,0,4,3,1,0,0,2,6,3,3,3,0,1,5,2,2,1,0,0,0,0,0,0,0,1,0,0,0,0,0,0,0,0,98747.32521810001
NPNDTVAMKRFRNTLAARISRQRKMQRFDELEDKIACLEA,5,3,-35.50000000000001,40,5,1,3,3,2,0,0,2,3,3,2,3,1,2,6,1,2,1,0,0,0,0,0,0,0,1,0,0,0,0,0,0,0,0,98739.97357030002
NPNDTVAMKRFRNTLAARISRQRKMQRFDELEDKIACLEA,4,3,-35.50000000000001,40,5,1,3,3,2,0,0,2,3,3,2,3,1,2,6,1,2,1,0,0,0,0,0,0,0,1,0,0,0,0,0,0,0,0,98739.97357030002
DPNDTVAMKRWLNTLAVRKSRQRKMQRFDELEDKIALLEA,4,2,-35.600000000000016,40,4,0,4,3,1,0,0,1,4,5,2,2,1,2,5,1,2,2,1,0,0,0,0,0,0,1,0,0,0,0,0,0,0,0,98643.97663349999
DPNDTLAMKRARNTLCARISRQRKMQRFDELEDKIAKLEN,5,3,-47.900000000000006,40,4,1,4,3,1,0,0,2,4,4,2,3,1,2,6,1,2,0,0,0,0,0,0,0,0,1,0,0,0,0,0,0,0,0,98633.40110300004
DPNATVAMKRARNTLAARKSWYRKMQRFDELEHKIAKLEA,4,5,-39.900000000000006,40,7,0,2,3,1,0,1,1,5,3,2,2,1,1,5,1,2,1,1,1,0,0,0,0,0,1,0,0,0,0,0,1,0,0,98525.97592730001
DPNDTVAMKRARNTLAARKSFQRKKQRFDELEDKIAKLEF,3,4,-48.800000000000004,40,5,0,4,3,3,0,0,1,6,3,1,2,1,2,5,1,2,1,0,0,0,0,0,1,1,1,0,0,0,0,0,0,0,0,98501.98117359988
DINDTYAMKRARNTLASRKSRQRKMQRFDELEDKIAKLEA,3,4,-53.30000000000001,40,5,0,4,3,1,0,0,2,5,3,2,2,0,2,6,2,2,0,0,1,0,0,0,0,0,1,1,0,0,0,0,0,0,0,98465.4837554
DPSDTVAMTRAYNTLAARKSRQRKMQRFDELEDKIHKLEN,5,2,-52.50000000000001,40,4,0,4,3,1,0,1,1,4,3,2,2,1,2,5,2,3,1,0,1,0,0,0,0,0,1,0,0,0,0,0,0,0,0,98435.45748769998
DPNDTVAMKRARNTLKARKSRQRKMQGFDELEDKIAYLEA,3,3,-50.300000000000004,40,5,0,4,3,1,1,0,1,5,3,2,2,1,2,5,1,2,1,0,1,0,0,0,0,0,1,0,0,0,0,0,0,0,0,98210.99660699996
DPFDTVAMKRARNTLKAMKSRQRKMQRFDELEDKIAKLEA,3,4,-44.30000000000001,40,5,0,4,3,2,0,0,1,6,3,3,1,1,2,5,1,2,1,0,0,0,0,0,0,0,1,1,0,0,0,0,0,0,0,98195.6892261
DPNDTVAMKRARNTNAARKSRQRKMQRFDELEDKIAYLEA,2,3,-56.00000000000001,40,6,0,4,3,1,0,0,1,4,2,2,3,1,2,6,1,2,1,0,1,0,0,0,0,0,1,0,0,0,0,0,0,0,0,98155.76679290002
DPDDTVAMKRARNTLAARKSDQRKMQRFDELEDKIAMLEA,3,0,-44.500000000000014,40,6,0,6,3,1,0,0,1,4,3,3,1,1,2,5,1,2,1,0,0,0,0,0,0,0,1,0,0,0,0,0,0,0,0,98058.908195
DPNDTVAMKRALNTLAAFKSRQRKMQRFDELEDKIAKLEA,2,2,-35.7,40,6,0,4,3,2,0,0,1,5,4,2,2,1,2,4,1,2,1,0,0,0,0,0,0,0,1,0,0,0,0,0,0,0,0,97950.1905047
DPMDTVMMKRARNTLAAFKSRQRKMQRFDELEDKIAKLEA,3,3,-38.50000000000001,40,5,0,4,3,2,0,0,1,5,3,4,1,1,2,5,1,2,1,0,0,0,0,0,0,0,1,0,0,0,0,0,0,0,0,97924.47084720002
DPNDTVFMKRARNTLAAQKSRQRKMQMFDELEDKIAKLEA,3,2,-42.900000000000006,40,5,0,4,3,2,0,0,1,5,3,3,2,1,3,4,1,2,1,0,0,0,0,0,0,0,1,0,1,0,0,0,0,0,0,97849.4832292
DPNDTVAMMRAQNTLAARKSRQRKMQRFDELEYKIAKLEA,4,3,-42.30000000000001,40,6,0,3,3,1,0,0,1,4,3,3,2,1,3,5,1,2,1,0,1,0,0,0,1,0,1,0,1,0,0,0,0,0,0,97839.04963280003
DPNDTVIMKRARNTLAALKSRQRKMQRFDTLEDKIAKLEA,3,4,-37.5,40,5,0,4,2,1,0,0,2,5,4,2,2,1,2,5,1,3,1,0,0,0,0,0,0,0,0,0,0,0,0,0,0,0,0,97763.9446901
YPNDTVAMKRARNTLAARKSRQRKMLRFYELEDKILKLEA,5,6,-37.60000000000001,40,5,0,2,3,1,0,0,1,5,5,2,2,1,1,6,1,2,1,0,2,0,0,0,0,0,1,0,0,0,0,0,0,0,0,97744.92805180002
DPNDTVAMKRAFNTLAARKSWQRKMQRFHELEDKIARLEA,4,3,-40.70000000000001,40,6,0,3,3,2,0,1,1,4,3,2,2,1,2,5,1,2,1,1,0,0,0,0,0,0,1,0,0,0,0,0,0,0,0,97707.811953
DPNDTVAMKRIRNTLPARKSRCRKMQRFDELEDKIAKLEA,3,4,-46.00000000000001,40,4,1,4,3,1,0,0,2,5,3,2,2,2,1,6,1,2,1,0,0,0,0,0,0,0,1,0,0,0,0,0,0,0,0,97685.25769259999
DRNDYVKMKRARNTAIARKSRQRKMQRFDELEDKIAKLEA,5,6,-59.80000000000002,40,5,0,4,3,1,0,0,2,6,2,2,2,0,2,7,1,1,1,0,1,0,0,0,1,0,1,0,0,0,0,0,0,0,0,97655.92849789993
DPNKTVAMFRNRNTLDARKSRQRKMQRFFELEDKIAKLEA,5,5,-49.30000000000001,40,4,0,3,3,3,0,0,1,5,3,2,3,1,2,6,1,2,1,0,0,0,0,0,0,0,1,0,0,1,0,0,0,0,0,97643.23958299999
DPWDTVAMKRARNTLAARKKRQRKMQRFDELEDKIAKLEA,2,5,-51.800000000000004,40,6,0,4,3,1,0,0,1,6,3,2,1,1,2,6,0,2,1,1,0,0,0,0,0,0,1,1,0,0,0,0,0,0,0,97619.15887609997
DPNDTVDMKRARNTLAARKTRQMKMQRFDELEDKIAELEY,5,0,-52.8,40,4,0,5,4,1,0,0,1,4,3,3,2,1,2,5,0,3,1,0,1,0,0,0,1,0,2,0,1,0,0,0,0,0,0,97575.30416900004
DPNDTVAMKRARSTLSARKSRQRKMYRFDELEDKIAHLEA,4,3,-48.300000000000004,40,5,0,4,3,1,0,1,1,4,3,2,1,1,1,6,3,2,1,0,1,0,0,0,0,0,1,0,0,0,0,0,0,0,0,97551.64808929997
DPNDTVAAKRARNTLAARKSCQRKMQRFDELEDKIAKLEA,2,3,-44.400000000000006,40,7,1,4,3,1,0,0,1,5,3,1,2,1,2,5,1,2,1,0,0,0,0,0,0,0,1,0,0,0,0,0,0,0,0,97536.81565560002
FPNDTVAYKRARNTIAARKSRCRKMQRFDELEDKIAKLEH,5,5,-46.5,40,5,1,3,3,2,0,1,2,5,2,1,2,1,1,6,1,2,1,0,1,0,0,0,0,0,1,0,0,0,0,0,0,0,0,97454.65219390001
DPNDIVAMKRALNTLAARKSRQRKMQRFDELEYKIAKLEA,3,4,-35.60000000000001,40,6,0,3,3,1,0,0,2,5,4,2,2,1,2,5,1,1,1,0,1,0,0,0,1,0,1,0,1,0,0,0,0,0,0,97444.55663370003
DPNDTVAMKRARNTLAARKCRRRKMQRFDELEDKIALLEA,4,4,-41.30000000000001,40,6,1,4,3,1,0,0,1,4,4,2,2,1,1,7,0,2,1,0,0,0,0,0,0,0,1,0,0,0,0,0,0,0,0,97393.25938309997
DPNDTVAMKRARNTLAAVKSRCRKMQRFDELEDKIAKLEA,3,3,-36.60000000000001,40,6,1,4,3,1,0,0,1,5,3,2,2,1,1,5,1,2,2,0,0,0,0,0,0,0,1,0,0,0,0,0,0,0,0,97369.03030330002
DENDTVAMKRARNTLAARNSRQRKMQRFDELEDKIFKLEA,3,2,-51.80000000000001,40,5,0,4,4,2,0,0,1,4,3,2,3,0,2,6,1,2,1,0,0,0,0,0,0,0,1,0,1,0,0,0,0,0,0,97341.5588325
DPNRTVAMKRARTTLAARKLRQRKMQRFDVLEDKIAKLEA,5,7,-37.2,40,6,0,3,2,1,0,0,1,5,4,2,1,1,2,7,0,3,2,0,0,0,0,0,0,0,0,0,0,0,0,0,0,0,0,97325.64277699991
DNNDTVAMKRARNTLAARFSRQRKMQRFINLEDKIAKLEA,4,5,-38.50000000000001,40,6,0,3,2,2,0,0,2,4,3,2,4,0,2,6,1,2,1,0,0,0,0,0,0,0,0,0,0,0,0,0,0,0,0,97301.46257970003
DPNDTVAMKWARNTLYARRSRQRKMQRSDELEDKIAKLEA,4,3,-55.0,40,5,0,4,3,0,0,0,1,4,3,2,2,1,2,6,2,2,1,1,1,0,0,0,0,0,1,0,0,0,0,0,0,0,0,97242.46802180001
DPCDTVAMKRALNTLAARKSRQRKMQRFDELEDKIAYLEA,3,2,-34.4,40,6,1,4,3,1,0,0,1,4,4,2,1,1,2,5,1,2,1,0,1,0,0,0,0,0,1,0,0,0,0,0,0,0,0,97109.23634409999
DPLDTVAMKRARNTLLARKSRQRKMQCPDELEDKIAKLEA,4,3,-39.400000000000006,40,5,1,4,3,0,0,0,1,5,5,2,1,2,2,5,1,2,1,0,0,0,0,0,0,0,1,0,0,0,0,0,0,0,0,97048.82978020002
DPNDTVAMKWARNTLYARRSRQRKMQRSDELEDKINKLEA,5,3,-60.3,40,4,0,4,3,0,0,0,1,4,3,2,3,1,2,6,2,2,1,1,1,0,0,0,0,0,1,0,0,0,0,0,0,0,0,96988.402575
DPNDTVAMKRYRNTLAARKSRQRKMQRFDYLEDKIAHLEA,3,4,-51.50000000000001,40,5,0,4,2,1,0,1,1,4,3,2,2,1,2,6,1,2,1,0,2,0,0,0,1,0,0,0,0,0,0,0,0,0,0,96949.00365410004
SPNQTVAMKRARNTLAMRKSDQRKMQRFDELEDKIAKLEA,4,4,-47.50000000000001,40,5,0,3,3,1,0,0,1,5,3,3,2,1,3,5,2,2,1,0,0,0,0,0,0,0,1,0,0,0,0,0,0,1,0,96943.0234379
DPNDTVAMKRARNQLAAFKSRQRKMQRFDELEDKIAKLEA,2,3,-46.80000000000001,40,6,0,4,3,2,0,0,1,5,3,2,2,1,3,5,1,1,1,0,0,0,0,0,0,0,1,0,0,0,0,0,0,0,0,96933.3406388
YPNDTVAMKRARNPLAARKNRQRKMQRFDELEDKIQKLEA,4,5,-58.0,40,5,0,3,3,1,0,0,1,5,3,2,3,2,3,6,0,1,1,0,1,0,0,0,0,0,1,0,0,0,0,0,0,0,0,96853.7450092999
DPNDTVAMKRARNTLAARKSRYQKMQRFDELEDKIALLEA,3,2,-40.40000000000001,40,6,0,4,3,1,0,0,1,4,4,2,2,1,2,5,1,2,1,0,1,0,0,0,0,0,1,0,0,0,0,0,1,0,0,96824.058573
DPNDTVAMKMARNTLAARKSCQRKLQRFDELEDKIAKLEA,3,2,-36.0,40,6,1,4,3,1,0,0,1,5,4,2,2,1,2,4,1,2,1,0,0,0,0,0,0,0,1,0,0,0,0,0,0,0,0,96792.51618460001
DPNDTFAMKRARNTLQARKSSQRKMQRFDELEDKIAKLEA,4,3,-54.30000000000001,40,5,0,4,3,2,0,0,1,5,3,2,2,1,3,5,2,2,0,0,0,0,0,0,0,0,1,1,0,0,0,0,0,0,0,96662.16394439999
DPRDTVCMKRARNTLAAIKSRQRKYQRFDELEDKIAKLEA,4,4,-45.80000000000001,40,5,1,4,3,1,0,0,2,5,3,1,1,1,2,6,1,2,1,0,1,0,0,0,0,0,1,0,0,0,0,0,0,0,0,96412.65558989998
DPNDTVAMKRARFRLAARKSRQRKMQRYDELEDKIAVLEA,4,4,-44.800000000000004,40,6,0,4,3,1,0,0,1,4,3,2,1,1,2,7,1,1,2,0,1,0,0,0,0,0,1,0,0,0,0,0,0,0,0,96397.60067190001
DPNDTVAMKFARNTLAARKSRQRKMQRRDELEDKIAKLEA,2,4,-51.30000000000001,40,6,0,4,3,1,0,0,1,5,3,2,2,1,2,6,1,2,1,0,0,0,0,0,0,0,1,0,0,0,0,0,0,0,0,96387.82357129994
DPNDTVAMKRARNTLAARKSVQRKMTRFDELEDKIAKLEA,2,3,-39.80000000000001,40,6,0,4,3,1,0,0,1,5,3,2,2,1,1,5,1,3,2,0,0,0,0,0,0,0,1,0,0,0,0,0,0,0,0,96380.29430259991
DPNDTVAMKRARNTLRARKCRQRKMQRYDELEDKIAKLEA,3,5,-58.400000000000006,40,5,1,4,3,0,0,0,1,5,3,2,2,1,2,7,0,2,1,0,1,0,0,0,0,0,1,0,0,0,0,0,0,0,0,96243.52200939994
DPNDIVAMKRACHTLAASKSRQRKMQRFDELEDKIAKLEA,4,2,-35.10000000000001,40,6,1,4,3,1,0,1,2,5,3,2,1,1,2,4,2,1,1,0,0,0,0,0,0,0,1,0,0,0,0,0,0,0,0,96232.34031279999
DPNDTVAMKRARNTLAARKSFQRKMQRKDELEDKIAKLHA,3,5,-50.400000000000006,40,6,0,4,2,1,0,1,1,6,3,2,2,1,2,5,1,2,1,0,0,0,0,0,0,0,1,0,0,0,0,0,0,0,0,96148.60017609996
DPNDDVAMKRKRNTLAARKSLTRKMQRFDELEDKIAKLEA,4,3,-48.7,40,5,0,5,3,1,0,0,1,6,4,2,2,1,1,5,1,2,1,0,0,0,0,0,0,0,1,0,0,0,0,0,0,0,0,95994.36501379992
DPNDMVAMKRARNTWAARKSFQRKSQRFDELEDKIAKLEA,5,3,-48.800000000000004,40,6,0,4,3,2,0,0,1,5,2,2,2,1,2,5,2,1,1,1,0,0,0,0,0,0,1,0,0,0,0,0,0,0,0,95991.95097569993
YPNDTVAMKRFRNTLAARISRQRKMQRFDELEDKIACLEA,5,3,-33.3,40,5,1,3,3,2,0,0,2,3,3,2,2,1,2,6,1,2,1,0,1,0,0,0,0,0,1,0,0,0,0,0,0,0,0,95922.7313766
YPNDTVAMKRFRNTLAARISRQRKMQRFDELEDKIACLEA,4,3,-33.3,40,5,1,3,3,2,0,0,2,3,3,2,2,1,2,6,1,2,1,0,1,0,0,0,0,0,1,0,0,0,0,0,0,0,0,95922.7313766
DPNDVVAMKRKWNTLAACKSRQRKMQRFDELEDKIAKLEA,5,3,-41.5,40,5,1,4,3,1,0,0,1,6,3,2,2,1,2,4,1,1,2,1,0,0,0,0,0,0,1,0,0,0,0,0,0,0,0,95919.29945100001
DPNDTVAMKRARWTLKARKSRQRKMQGHDELEDKIAYLEA,5,3,-53.7,40,5,0,4,3,0,1,1,1,5,3,2,1,1,2,5,1,2,1,1,1,0,0,0,0,0,1,0,0,0,0,0,0,0,0,95901.45745620003
DLNDTVAMWRARNTLAARKSRQRKMNRKDELEDKIAKLEA,4,4,-49.60000000000001,40,6,0,4,3,0,0,0,1,5,4,2,3,0,1,6,1,2,1,1,0,0,0,0,0,0,2,0,0,0,0,0,0,0,0,95867.07752019993
DPNDTMAMKRARNTLAARTSWCRKMQRFDELEDKIAKLEA,4,2,-40.8,40,6,1,4,3,1,0,0,1,4,3,3,2,1,1,5,1,3,0,1,0,0,0,0,0,0,1,0,0,0,0,0,0,0,0,95780.7055282
DINDTVAMKRAFNTLFARKSRQRNMQRFDELEDKIAKLEA,5,2,-36.500000000000014,40,5,0,4,3,3,0,0,2,4,3,2,3,0,2,5,1,2,1,0,0,0,1,1,0,0,1,0,0,0,0,0,0,0,0,95750.153377
DPNDTVAMKFQRNTLYARKSRQRKMQYFDELEDKIAKLEA,4,2,-49.2,40,4,0,4,3,2,0,0,1,5,3,2,2,1,3,4,1,2,1,0,2,0,0,0,0,0,1,0,0,0,0,0,1,0,0,95680.03487150003
DPNDTVAMKRMRNTLAARKSFQRKMQRKDELEDKIAKLHA,4,5,-50.300000000000004,40,5,0,4,2,1,0,1,1,6,3,3,2,1,2,5,1,2,1,0,0,0,0,0,0,0,1,0,0,0,0,0,0,0,0,95655.90621599994
DPNDTMAMKIARNTLAARKSRQRKMQRFDELEDKIAKLEA,2,3,-44.60000000000001,40,6,0,4,3,1,0,0,2,5,3,3,2,1,2,5,1,2,0,0,0,0,0,0,0,0,1,0,0,0,0,0,0,0,0,95593.08139550002
DPNDTVVMKHARNTLVARKSRQRKMQRNDELEDKIAKLEA,4,3,-51.50000000000001,40,4,0,4,3,0,0,1,1,5,3,2,3,1,2,5,1,2,3,0,0,0,0,0,0,0,1,0,0,0,0,0,0,0,0,95576.456896
