ADseq,Generation,NetCharge,Hydrophobicity,Length,AA_A,AA_C,AA_D,AA_E,AA_F,AA_G,AA_H,AA_I,AA_K,AA_L,AA_M,AA_N,AA_P,AA_Q,AA_R,AA_S,AA_T,AA_V,AA_W,AA_Y,W..LF,WFYL_WFYL,WFL_WFL,DE_WFY,DE_WF,DE_L,DE_x_WFY,DE_xx_WFY,FF,F_F,F__F,FY_5x_FY,SP,WFYL_3x_WFYL,Activity_SCglucose
DFVLFDSPQPVDTTVNHPSSVPSNAAAPFGSLQWNTTSTN,5,-3,-14.100000000000001,40,3,0,3,0,3,1,1,0,0,2,0,4,5,2,0,6,5,4,1,0,0,0,0,1,1,0,0,0,0,0,1,0,1,0,94109.5647757
DFVWFDSGQPQRTTVNRPSSVPSNSDADFGSLQSNTTSTN,5,-2,-37.300000000000004,40,1,0,4,0,3,2,0,0,0,1,0,4,3,3,2,8,5,3,1,0,0,0,0,2,2,0,0,2,0,0,1,0,0,0,93830.41955310004
DFVLFDSPQPQRTTVNRPSSVPSNSFADFGSLYSNYTSFN,5,-1,-22.4,40,1,0,3,0,5,1,0,0,0,2,0,4,4,2,2,8,3,3,0,2,0,1,0,2,2,0,0,0,0,0,2,1,1,0,93300.55348689998
DFVYFDSPWPQRTTVNRPSSVPSPSAFPFGSLQSNTTSTN,4,0,-26.200000000000006,40,1,0,2,0,4,1,0,0,0,1,0,3,6,2,2,8,5,3,1,1,0,0,0,1,1,0,0,2,0,1,1,0,2,0,91151.64473309998
DFVWFDSPQPQRTTVNRPSSVPSNSDADFGSLQSNTTSTN,5,-2,-38.50000000000001,40,1,0,4,0,3,1,0,0,0,1,0,4,4,3,2,8,5,3,1,0,0,0,0,2,2,0,0,2,0,0,1,0,1,0,90515.40653370004
DFVWFDSPQPQRTTVNRPSSVPSNSDADFGSLQSNTTSTN,4,-2,-38.50000000000001,40,1,0,4,0,3,1,0,0,0,1,0,4,4,3,2,8,5,3,1,0,0,0,0,2,2,0,0,2,0,0,1,0,1,0,90515.40653370004
DFVLFVSPQPQETTVGWPSDVPSNSAAPFGSLQSNTTSTN,5,-3,-13.899999999999999,40,2,0,2,1,3,2,0,0,0,2,0,3,5,3,0,7,5,4,1,0,0,0,0,1,1,0,0,0,0,0,1,0,1,0,88819.9655013
DFVLFDSPQPQHTTVNLWSSVPSNSAAPFDSLQSNTTSTN,5,-3,-19.4,40,2,0,3,0,3,0,1,0,0,3,0,4,4,3,0,8,5,3,1,0,0,0,0,1,1,0,0,0,0,0,1,0,1,0,87987.62620020001
DFVLFDSPWPQRTTVNRESSVPSNSDAPFGSLQSNTTSTN,3,-2,-31.200000000000003,40,1,0,3,1,3,1,0,0,0,2,0,4,4,2,2,8,5,3,1,0,0,0,0,1,1,0,0,2,0,0,1,0,1,0,87370.3577449
DFVLFDSPFPQGTTVNRPSSVFSNSDAPFGSLQSNWTSTN,5,-2,-17.3,40,1,0,3,0,5,2,0,0,0,2,0,4,4,2,1,8,4,3,1,0,0,0,0,1,1,0,0,2,0,0,1,0,1,0,87274.50748950004
DFVLFDSPQPQRTTVNRDSSVPSNSAAPFFSFQDNTTSDN,5,-3,-31.8,40,2,0,5,0,5,0,0,0,0,1,0,4,4,3,2,7,4,3,0,0,0,0,0,1,1,0,0,0,1,1,2,0,1,0,86920.19047488332
DFVLFDSPQPQWTTVNEPSSVPSNVAAPFGSLQSNTTSTN,3,-3,-17.0,40,2,0,2,1,3,1,0,0,0,2,0,4,5,3,0,7,5,4,1,0,0,0,0,1,1,0,0,0,0,0,1,0,1,0,86667.0248884
DFVLFDSPQPQRTTVNRPSSVPSNSFADFGSLYSNYTSTN,4,-1,-25.9,40,1,0,3,0,4,1,0,0,0,2,0,4,4,2,2,8,4,3,0,2,0,1,0,2,2,0,0,0,0,0,2,0,1,0,86212.20977809993
DFVLFDSPQPQRTTVNRPSSVPSNSFADFGSLYSNTTSTN,3,-1,-25.299999999999997,40,1,0,3,0,4,1,0,0,0,2,0,4,4,2,2,8,5,3,0,1,0,1,0,2,2,0,0,0,0,0,2,0,1,0,85881.93898959996
DFVLFDFPQPYRTTVNDPSSVPSNSAADFKSLQSNTTSTN,5,-2,-25.200000000000006,40,2,0,4,0,4,0,0,0,1,2,0,4,4,2,1,7,5,3,0,1,0,0,0,3,3,0,0,0,0,1,1,1,0,0,85494.06369129999
DFVLFDSPQPQRTLVASPSFVPSNSAAPFGSLQSNTTLTN,5,-1,-4.900000000000001,40,3,0,2,0,4,1,0,0,0,4,0,3,5,3,1,7,4,3,0,0,0,0,0,1,1,0,0,0,0,0,1,0,2,0,84766.55513820001
DFVLFDSPQPQRTTVNDPSSVPSNSAAPFFSFQDNTTSDN,5,-4,-28.9,40,2,0,5,0,5,0,0,0,0,1,0,4,5,3,1,7,4,3,0,0,0,0,0,1,1,0,0,0,1,1,2,0,1,0,84480.83367103334
DFFLFDSPGPQDTTVNCPSSVPSNSAAPFGSLQSTTTSTN,5,-3,-14.100000000000001,40,2,1,3,0,4,2,0,0,0,2,0,3,5,2,0,8,6,2,0,0,0,0,0,1,1,0,1,0,1,1,1,0,1,0,84233.60862599999
DFVLFDSPQPQRTTVNRWSSVPSNSAEFFGSLFPNTTSTN,5,-1,-21.299999999999994,40,1,0,2,1,5,1,0,0,0,2,0,4,4,2,2,7,5,3,1,0,0,1,1,2,2,0,1,0,1,0,1,0,1,1,82319.91372319999
DFVLFDSPQPQRTLVASPSVVPSNSAAPFGSLQSNTTLTN,5,-1,-3.500000000000001,40,3,0,2,0,3,1,0,0,0,4,0,3,5,3,1,7,4,4,0,0,0,0,0,1,1,0,0,0,0,0,1,0,2,0,81913.42160290004
DFVLFDSPFPFRTTVNSPSSVPSNSPAPFGSLQSNTNSTN,5,-1,-16.5,40,1,0,2,0,5,1,0,0,0,2,0,5,6,1,1,9,4,3,0,0,0,0,0,1,1,0,0,1,0,1,1,1,3,0,81331.1125704
DFVCFDSPWPQRTTRNRPSSVPSNSFAPFGSLQSNTTSTN,4,1,-33.0,40,1,1,2,0,4,1,0,0,0,1,0,4,5,2,3,8,5,2,1,0,0,0,0,1,1,0,0,1,0,0,2,0,1,0,81152.81512959996
DFVLFDSPQPQRQFVNSPYSVPSNIAAPFGSLQSNTTSTN,5,-1,-17.400000000000002,40,2,0,2,0,4,1,0,1,0,2,0,4,5,4,1,7,3,3,0,1,0,0,0,1,1,0,0,0,0,0,1,0,2,0,81066.6307548
DFVLFDSPQPQRQFVNSPSSVPSNIAAPFGSLQSNTTSTN,4,-1,-16.900000000000002,40,2,0,2,0,4,1,0,1,0,2,0,4,5,4,1,8,3,3,0,0,0,0,0,1,1,0,0,0,0,0,1,0,2,0,80285.78855640002
DFVLFDSPQPQRTTVNRPSSVPSNSFAPFGDLQSNTTSTN,2,-1,-28.299999999999997,40,1,0,3,0,4,1,0,0,0,2,0,4,5,3,2,7,5,3,0,0,0,0,0,1,1,1,0,0,0,0,2,0,1,0,79833.41550319995
DFVSFDYPQPQRTTVNIPSMVPSNSAAPFGSFQSNTTSTN,5,-1,-21.0,40,2,0,2,0,4,1,0,1,0,0,1,4,5,3,1,7,5,3,0,1,0,0,0,2,1,0,0,0,0,0,2,0,0,0,79460.16088649997
DFVLFDSPQPQRTTVFRPSSVPSWSFQKFGSLQSNTTSTN,5,1,-24.300000000000004,40,0,0,2,0,5,1,0,0,1,2,0,2,4,4,2,8,5,3,1,0,0,0,0,1,1,0,0,0,0,0,2,0,1,0,79259.56606889998
DFVLFDCMQPQRTTVNDPSSVPSNSAMPFGSLQSNTTSTD,5,-3,-18.700000000000003,40,1,1,4,0,3,1,0,0,0,2,2,3,4,3,1,7,5,3,0,0,0,0,0,1,1,0,0,0,0,0,1,0,0,0,78805.1055205
DFVLFDSPQPQRTTVNRPTSVPSNSFAPFGDLQSNTTSTN,4,-1,-28.199999999999996,40,1,0,3,0,4,1,0,0,0,2,0,4,5,3,2,6,6,3,0,0,0,0,0,1,1,1,0,0,0,0,2,0,1,0,78772.07128659995
DFVLFDSPQPQMFTVNRPSSVPSNSAAIFGTLQSPTTSTN,5,-1,-8.600000000000001,40,2,0,2,0,4,1,0,1,0,2,1,3,5,3,1,7,5,3,0,0,0,0,0,1,1,0,0,0,0,0,1,0,2,0,78712.84876250001
DFVLFDSPQPQRTTVNRPSSVPSEFAPPFGSLYSNTVSTN,5,-1,-19.3,40,1,0,2,1,4,1,0,0,0,2,0,3,6,2,2,7,4,4,0,1,0,1,0,2,2,0,0,0,0,0,1,0,1,0,78684.21018249996
DFVLFDSPQPQRTTVNRPSSVPSNSFAPFGSLQSNTTYTN,2,0,-26.1,40,1,0,2,0,4,1,0,0,0,2,0,4,5,3,2,7,5,3,0,1,0,0,0,1,1,0,0,0,0,0,2,0,1,0,78366.64314539994
DFVWFDSPQPQRTTVNRPSSVPSNSAAPFGSFQSNTFSTK,4,1,-29.2,40,2,0,2,0,5,1,0,0,1,0,0,3,5,3,2,8,4,3,1,0,0,0,0,1,1,0,0,1,0,0,2,0,1,0,78263.73330649995
DFVLFDSPQPQRTTVNRPSSVPSWSFQKFGSLQSNTTSTN,4,1,-30.599999999999994,40,0,0,2,0,4,1,0,0,1,2,0,3,4,4,2,8,5,3,1,0,0,0,0,1,1,0,0,0,0,0,2,0,1,0,78173.63507139999
DFVLFDSPQPQRQFVNSPSSVPSNIAAPFGSLQSNVTSTN,5,-1,-12.000000000000004,40,2,0,2,0,4,1,0,1,0,2,0,4,5,4,1,8,2,4,0,0,0,0,0,1,1,0,0,0,0,0,1,0,2,0,78141.44974720004
DFVLFDSPQPQRTTVNRDSSVPSNSFAPFGSLQSNTWRTN,5,0,-31.4,40,1,0,3,0,4,1,0,0,0,2,0,4,4,3,3,7,4,3,1,0,0,0,0,1,1,0,0,0,0,0,2,0,1,0,77996.98194649996
DFVLFDSPQPQQTTVNRPSSVPSNSFAPFGTLQSNTTYTN,4,-1,-25.0,40,1,0,2,0,4,1,0,0,0,2,0,4,5,4,1,6,6,3,0,1,0,0,0,1,1,0,0,0,0,0,2,0,1,0,77848.07018049997
DFVWFDSPQPQRTTVNRPSSVPSNSDAPFGSLQSNTTSTN,3,-1,-36.6,40,1,0,3,0,3,1,0,0,0,1,0,4,5,3,2,8,5,3,1,0,0,0,0,1,1,0,0,2,0,0,1,0,1,0,77527.89892430001
DFVLFDSPQPQRTDVNRPSSVPSNTPAPFGSFQSNTTSTN,4,-1,-33.7,40,1,0,3,0,4,1,0,0,0,1,0,4,6,3,2,7,5,3,0,0,0,0,0,1,1,0,0,0,0,0,2,0,1,0,77458.05546909997
DFFLFDSPQWQRTTVNRPSSVPSNSAAPFGSFQSNTTFTN,4,0,-24.7,40,2,0,2,0,6,1,0,0,0,1,0,4,4,3,2,7,5,2,1,0,0,0,0,1,1,0,1,0,1,1,2,1,1,0,77374.36245389997
DFVLFDSPQVQRTTPNRPSSVPSNSAWPFGSFQSNKTSTN,5,1,-33.5,40,1,0,2,0,4,1,0,0,1,1,0,4,5,3,2,8,4,3,1,0,0,0,0,1,1,0,0,0,0,0,2,0,1,0,76989.82949959995
DFVLFDSPQPQRTTVNRPSSVPSNSFAPFGTLQSNTTYTN,3,0,-26.0,40,1,0,2,0,4,1,0,0,0,2,0,4,5,3,2,6,6,3,0,1,0,0,0,1,1,0,0,0,0,0,2,0,1,0,76808.21601259994
DFVLFDSPQPQRTTVNRPSSVPSNSAAPFFSFQDNTTSTN,3,-1,-27.099999999999998,40,2,0,3,0,5,0,0,0,0,1,0,4,5,3,2,7,5,3,0,0,0,0,0,1,1,0,0,0,1,1,2,0,1,0,76735.00899859998
DFVLFDSPQPQRTTVNRPSSPPSNSAAPFGSFWSNTTSTN,3,0,-30.799999999999997,40,2,0,2,0,4,1,0,0,0,1,0,4,6,2,2,8,5,2,1,0,0,1,1,1,1,0,0,0,0,0,2,0,2,0,76341.98195729995
DFVLFDSPQPQRDTVQFPSSVPSNSAAPFGSFQYNTTSTN,5,-2,-23.599999999999998,40,2,0,3,0,5,1,0,0,0,1,0,3,5,4,1,7,4,3,0,1,0,0,0,1,1,0,0,0,0,0,2,0,1,0,76209.01177599997
DFVPFDSPQPQRQWVNRPSSVPSNSAAPFGSFQSNETSTN,5,-1,-38.80000000000001,40,2,0,2,1,4,1,0,0,0,0,0,4,6,4,2,8,2,3,1,0,0,0,0,1,1,0,0,0,0,0,2,0,1,0,76018.45875579998
DFVHFDSPQPQQTTVNRPSSVPSNSFAPFGTLQSNTTYTN,5,-1,-32.0,40,1,0,2,0,4,1,1,0,0,1,0,4,5,4,1,6,6,3,0,1,0,0,0,1,1,0,0,0,0,0,2,0,1,0,75871.15122729997
DFVLFDSPQPQRTLVASPSSVPVNSAAPFGSLQSNTTSTN,4,-1,-8.1,40,3,0,2,0,3,1,0,0,0,3,0,3,5,3,1,8,4,4,0,0,0,0,0,1,1,0,0,0,0,0,1,0,2,0,75834.3875921
DFVLFDSPQPQRTTVNRPSSVPSNSFAPFGSLQSNQTSTN,2,0,-28.400000000000002,40,1,0,2,0,4,1,0,0,0,2,0,4,5,4,2,8,4,3,0,0,0,0,0,1,1,0,0,0,0,0,2,0,1,0,75833.76931749996
DFVLFDSPQPQRTTVNRPSSVPSNSAAPFGSFQSNTWSTS,4,0,-25.099999999999998,40,2,0,2,0,4,1,0,0,0,1,0,3,5,3,2,9,4,3,1,0,0,0,0,1,1,0,0,0,0,0,2,0,1,0,75797.12118009996
DFVLFDSPQPQRTTVNRPESVPSNSAAKFGSFQSNTWSTV,5,0,-25.099999999999994,40,2,0,2,1,4,1,0,0,1,1,0,3,4,3,2,7,4,4,1,0,0,0,0,1,1,0,0,0,0,0,2,0,1,0,75723.09570239995
DFVLFDSPQPQRTTVNAPSSVPSNSASPFGSFQSNTQCTN,5,-1,-23.400000000000002,40,2,1,2,0,4,1,0,0,0,1,0,4,5,4,1,8,4,3,0,0,0,0,0,1,1,0,0,0,0,0,2,0,2,0,75554.62498949996
DFVLFDSPQPQMTYVNWPSSVFSNSAAPFGSLQSNTTSTM,5,-2,-7.4,40,2,0,2,0,4,1,0,0,0,2,2,3,4,3,0,8,4,3,1,1,0,0,0,1,1,0,0,0,0,0,1,0,1,0,75505.56897050004
DFVLFDSPQPQRTTVNRPSSVKSNSFAPFGSLQSNTTSTN,2,1,-27.899999999999995,40,1,0,2,0,4,1,0,0,1,2,0,4,4,3,2,8,5,3,0,0,0,0,0,1,1,0,0,0,0,0,2,0,1,0,75468.59075359996
DFVLFDSPQPQRTTVNRPTSVPSNSFAPFGSLQSNTTSTN,3,0,-25.5,40,1,0,2,0,4,1,0,0,0,2,0,4,5,3,2,7,6,3,0,0,0,0,0,1,1,0,0,0,0,0,2,0,1,0,75379.28032549995
DFVLFDSPQPQRTTVNRPSSVPSNSFAPFGSLQSNTTSTN,2,0,-25.6,40,1,0,2,0,4,1,0,0,0,2,0,4,5,3,2,8,5,3,0,0,0,0,0,1,1,0,0,0,0,0,2,0,1,0,75371.68708229995
DFVLFDSPQPQRTTVNRPSSVPSNSFAPFGSLQSNTTSTN,1,0,-25.6,40,1,0,2,0,4,1,0,0,0,2,0,4,5,3,2,8,5,3,0,0,0,0,0,1,1,0,0,0,0,0,2,0,1,0,75371.68708229995
DFVLFDSPQPQRTTVNRDSSVPSNSFAPFGSLQSNTLRTN,4,0,-26.7,40,1,0,3,0,4,1,0,0,0,3,0,4,4,3,3,7,4,3,0,0,0,0,0,1,1,0,0,0,0,0,2,0,1,0,75253.26819619998
DFVLFDSPQPQRRTVWGPSSVPSNSAAPFPSFQSNTTSTN,5,0,-25.900000000000002,40,2,0,2,0,4,1,0,0,0,1,0,3,6,3,2,8,4,3,1,0,0,0,0,1,1,0,0,0,0,0,2,0,1,0,75163.06924659996
DFVLFDSPQPQRTTVNRPSSVPSNPFAPFGSLQSNTTSTN,2,0,-26.4,40,1,0,2,0,4,1,0,0,0,2,0,4,6,3,2,7,5,3,0,0,0,0,0,1,1,0,0,0,0,0,2,0,1,0,75035.19817069994
DFVLFDSPVPQFTTVNRPSSPPSNSAAPFGSLQSNTTSNN,5,-1,-20.200000000000003,40,2,0,2,0,4,1,0,0,0,2,0,5,6,2,1,8,4,3,0,0,0,0,0,1,1,0,0,0,0,0,1,0,2,0,75030.69233329999
DFVLFDSPVPQFTTVNRPSSPPSNSAAPFGSLQSNTTSNN,4,-1,-20.200000000000003,40,2,0,2,0,4,1,0,0,0,2,0,5,6,2,1,8,4,3,0,0,0,0,0,1,1,0,0,0,0,0,1,0,2,0,75030.69233329999
DFVLFDSPQPQRTTVFIPSSVPSHSAAPFGSLQSGTTSPN,5,-1,-8.8,40,2,0,2,0,4,2,1,1,0,2,0,1,6,3,1,8,4,3,0,0,0,0,0,1,1,0,0,0,0,0,1,0,2,0,74882.00935760002
DFVLFDSPQPQRTTVNAPSSVPSNSASPFGSFQPNTQSTN,5,-1,-27.500000000000004,40,2,0,2,0,4,1,0,0,0,1,0,4,6,4,1,8,4,3,0,0,0,0,0,1,1,0,0,0,0,0,2,0,2,0,74865.89530959998
DFVLFDSPQVQRTTVNRPSSVPSNSADPFGSFQSNTTSNN,4,-1,-29.900000000000006,40,1,0,3,0,4,1,0,0,0,1,0,5,4,3,2,8,4,4,0,0,0,0,0,1,1,0,1,0,0,0,2,0,1,0,74862.13335499997
DFVLFDSPQPQSTTVNRPSSVPSNSAEPFGSFQSNKTSTN,4,-1,-32.4,40,1,0,2,1,4,1,0,0,1,1,0,4,5,3,1,9,4,3,0,0,0,0,0,1,1,0,1,0,0,0,2,0,1,0,74859.09022049996
DFVLFDSPQPQMFTVNRPSSVPSNSAAPFGTLQSPTTSTN,4,-1,-14.700000000000001,40,2,0,2,0,4,1,0,0,0,2,1,3,6,3,1,7,5,3,0,0,0,0,0,1,1,0,0,0,0,0,1,0,2,0,74806.05002149998
DFVLFDSPQPQMTTVNWPSSVPSNSLAPFGSLQSNTTSTF,4,-2,-8.3,40,1,0,2,0,4,1,0,0,0,3,1,3,5,3,0,8,5,3,1,0,0,0,0,1,1,0,0,0,0,0,1,0,1,0,74617.03312870004
DFVLFDSPGPQWITVNGPSSVPSNSAAPWGSLQSNTTSTN,5,-2,-14.299999999999999,40,2,0,2,0,2,3,0,1,0,2,0,4,5,2,0,8,4,3,2,0,0,0,0,1,1,0,0,0,0,0,1,0,1,0,74591.69319250004
DFVLFDSPQPQRTVVNLPSCVPSNSAAPFGSLQDNVTSTN,5,-2,-7.9,40,2,1,3,0,3,1,0,0,0,3,0,4,5,3,1,6,3,5,0,0,0,0,0,1,1,0,0,0,0,0,1,0,1,0,74510.60231000002
DFVLFDSPTPQRTTVNRPTSVPSNSFAPFGDLQSNTTSTN,5,-1,-25.400000000000002,40,1,0,3,0,4,1,0,0,0,2,0,4,5,2,2,6,7,3,0,0,0,0,0,1,1,1,0,0,0,0,2,0,1,0,74438.78786999997
DFVLFDSPQPQRTTVNAPSSVPSNSASPFGSFQSNTTSTN,3,-1,-23.900000000000002,40,2,0,2,0,4,1,0,0,0,1,0,4,5,3,1,9,5,3,0,0,0,0,0,1,1,0,0,0,0,0,2,0,2,0,74424.15756909996
DFVLFDSPQPQVTFVNRPSSPPSNSAAPFGSLQSNTTSTN,3,-1,-20.200000000000003,40,2,0,2,0,4,1,0,0,0,2,0,4,6,3,1,8,4,3,0,0,0,0,0,1,1,0,0,0,0,0,1,0,2,0,74308.05107769999
DFVLFDSPQPQVTTVNRPSSVPSWSAAPFGSLLSMTTSTN,5,-1,-2.6000000000000014,40,2,0,2,0,3,1,0,0,0,3,1,2,5,2,1,8,5,4,1,0,0,1,1,1,1,0,0,0,0,0,1,0,1,0,74246.577419
DFVLFDSPQPQRTTVNRPSSVPSNSFAPFGSLQSNTLRTN,3,1,-24.8,40,1,0,2,0,4,1,0,0,0,3,0,4,5,3,3,7,4,3,0,0,0,0,0,1,1,0,0,0,0,0,2,0,1,0,74220.72055229996
DFVLFDSPQPQRTTMNAPSSVPSNSASPFGSFQSNTQSTN,5,-1,-29.0,40,2,0,2,0,4,1,0,0,0,1,1,4,5,4,1,9,4,2,0,0,0,0,0,1,1,0,0,0,0,0,2,0,2,0,74181.11118509999
DFVLFDSPQPQITTVNRPSSVPILSAATFGHLQSNTTSTN,5,-1,-6.500000000000001,40,2,0,2,0,3,1,1,2,0,3,0,3,4,3,1,6,6,3,0,0,0,0,0,1,1,0,0,0,0,0,1,0,1,0,74145.03230500003
DFVLFDSQQPMRTTVNRPSSGPSNSFAPFGSLQSNTTSTN,4,0,-26.7,40,1,0,2,0,4,2,0,0,0,2,1,4,4,3,2,8,5,2,0,0,0,0,0,1,1,0,0,0,0,0,2,0,0,0,74078.08473539996
DFVLFDSPQPQRTLVASPSSVPSNSAAPFGSLQSNTTLTN,4,-1,-8.500000000000002,40,3,0,2,0,3,1,0,0,0,4,0,3,5,3,1,8,4,3,0,0,0,0,0,1,1,0,0,0,0,0,1,0,2,0,73881.7174323
DFVLFDSPQPQRTTVNAPSSVPSNSASPFGSFQSNTQSTN,4,-1,-26.700000000000003,40,2,0,2,0,4,1,0,0,0,1,0,4,5,4,1,9,4,3,0,0,0,0,0,1,1,0,0,0,0,0,2,0,2,0,73864.90057419997
DFVCFDSPQPQRTTVNRPSSVPSNSFAPFGSLQSNTTSTN,2,0,-26.900000000000002,40,1,1,2,0,4,1,0,0,0,1,0,4,5,3,2,8,5,3,0,0,0,0,0,1,1,0,0,0,0,0,2,0,1,0,73758.34287699999
DFVLFDSPQPQRTTVNRPSSVPSNPFAPFGSLQSNTLRTN,4,1,-25.599999999999998,40,1,0,2,0,4,1,0,0,0,3,0,4,6,3,3,6,4,3,0,0,0,0,0,1,1,0,0,0,0,0,2,0,1,0,73659.44855829996
DFVLFDSPQPQRTTVNRPSSVPSNPFAPFGSLQSNTLRTN,5,1,-25.599999999999998,40,1,0,2,0,4,1,0,0,0,3,0,4,6,3,3,6,4,3,0,0,0,0,0,1,1,0,0,0,0,0,2,0,1,0,73659.44855829996
DFVLFDSPSPQYTTVNRPSSVPSYSAADFGSLQSNTTSTN,4,-2,-20.400000000000006,40,2,0,3,0,3,1,0,0,0,2,0,3,4,2,1,9,5,3,0,2,0,0,0,2,2,0,0,0,0,0,1,0,2,0,73544.85970889995
DFVLFDSPSPQRTTVNRPSSVPSNMAAEFCSLQSNTTSTN,4,-1,-20.200000000000003,40,2,1,2,1,3,0,0,0,0,2,1,4,4,2,2,8,5,3,0,0,0,0,0,2,2,0,0,0,0,0,1,0,2,0,73479.14277759996
DFVLFDSPQPQRTTVNRPSSPPSNSAAPFGSFQENTTSTN,3,-1,-36.1,40,2,0,2,1,4,1,0,0,0,1,0,4,6,3,2,7,5,2,0,0,0,0,0,1,1,0,0,0,0,0,2,0,2,0,73387.9217013
DFVLFDSPQPQRNTVSRPSSVPSNSFAPFGSLQSNTTSTW,5,0,-23.1,40,1,0,2,0,4,1,0,0,0,2,0,3,5,3,2,9,4,3,1,0,0,0,0,1,1,0,0,0,0,0,2,0,1,0,73326.67095049996
DFVLFDSPQPQRTPVNRPFSVDYNSAAPFGSLQSNATSTN,5,-1,-23.800000000000004,40,3,0,3,0,4,1,0,0,0,2,0,4,5,3,2,6,3,3,0,1,0,0,0,2,1,0,0,0,0,0,1,1,1,0,73300.47001189999
DFVPFDSPQPQRDFVNVPSSVPSNSAAPFGSLQSNTTSTN,5,-2,-22.6,40,2,0,3,0,4,1,0,0,0,1,0,4,6,3,1,8,3,4,0,0,0,0,0,2,2,0,0,0,0,0,1,0,1,0,73250.84172129998
DFVLFDSPQPQRTTVNRPSSVPSNSAAPFGSFWSNTTSTN,2,0,-25.0,40,2,0,2,0,4,1,0,0,0,1,0,4,5,2,2,8,5,3,1,0,0,1,1,1,1,0,0,0,0,0,2,0,1,0,73192.52492599997
DFVLFDSPQPQRTTVNRPSSVPSNSFAPFGSLQSNTTRTN,2,1,-29.3,40,1,0,2,0,4,1,0,0,0,2,0,4,5,3,3,7,5,3,0,0,0,0,0,1,1,0,0,0,0,0,2,0,1,0,73162.89762909996
DFVLFDSPQPFRTTVNSPSSVPSNSAAPFGSLQSNTNSTN,3,-1,-19.4,40,2,0,2,0,4,1,0,0,0,2,0,5,5,2,1,9,4,3,0,0,0,0,0,1,1,0,0,0,0,0,1,1,2,0,73156.7966182
DFFLFDSPGPQDTTVNRPSSVPSNSAAPFGSLQSNTTSGF,5,-2,-17.300000000000004,40,2,0,3,0,5,3,0,0,0,2,0,3,5,2,1,8,4,2,0,0,0,0,0,1,1,0,1,0,1,1,1,0,1,0,73128.92269628335
DFVLFDSPQPQRTTVWGPSSVPSNYAAPFPSFQSNTTSTN,5,-1,-22.6,40,2,0,2,0,4,1,0,0,0,1,0,3,6,3,1,7,5,3,1,1,0,0,0,1,1,0,0,0,0,0,2,0,1,0,73049.1238585
DFVLFDSPQPQRTTVNRPSSVPSNSFQKFGSLQSNTTSTN,3,1,-33.199999999999996,40,0,0,2,0,4,1,0,0,1,2,0,4,4,4,2,8,5,3,0,0,0,0,0,1,1,0,0,0,0,0,2,0,1,0,73015.1570326
DFFLFDYPQPQRTTVFRPSPVPSNSAAPFGSLQSNTTSTN,4,0,-23.0,40,2,0,2,0,5,1,0,0,0,2,0,3,6,3,2,6,5,2,0,1,0,0,0,2,1,0,1,0,1,1,1,0,1,0,73003.82433110001
DFVLFDSPIPQTTTVNRPSSVPSNSAAPFCLLQSNTTSTN,5,-1,-7.3000000000000025,40,2,1,2,0,3,0,0,1,0,3,0,4,5,2,1,7,6,3,0,0,0,0,0,1,1,0,0,0,0,0,1,0,1,0,72982.4892158
DFVLFDSPQIQLTTVNRPSSVPSNSAAPFGSLCSNTVSTN,4,-1,-1.3000000000000016,40,2,1,2,0,3,1,0,1,0,3,0,4,4,2,1,8,4,4,0,0,0,0,0,1,1,0,0,0,0,0,1,0,1,0,72868.6687967
DFVLFDSPQQQRTPVNRPSSVPSNSAAPFGVFQSNTTSTN,5,0,-25.400000000000002,40,2,0,2,0,4,1,0,0,0,1,0,4,5,4,2,7,4,4,0,0,0,0,0,1,1,0,0,0,0,0,2,0,1,0,72835.34580989998
DFVLFDSPQPQITTVNRPSSVPILSAAPFGSLQSNTTSTN,3,-1,-5.0,40,2,0,2,0,3,1,0,2,0,3,0,3,5,3,1,7,5,3,0,0,0,0,0,1,1,0,0,0,0,0,1,0,1,0,72672.4903904
DFVLFDSPQPQITTVNRPSSVWSISAAPFGSLCVNTTSTN,5,-1,2.0999999999999996,40,2,1,2,0,3,1,0,2,0,2,0,3,4,2,1,7,5,4,1,0,0,0,0,1,1,0,0,0,0,0,1,0,1,0,72645.2010736
DFVLFDSPQPQITTVNRPSSVPSISAAPFGSLCVNTTSTN,4,-1,1.4000000000000004,40,2,1,2,0,3,1,0,2,0,2,0,3,5,2,1,7,5,4,0,0,0,0,0,1,1,0,0,0,0,0,1,0,1,0,72595.927245
DFVLFDSPCPQRTTVNVTSSVPSNSAAPFFSLQTNTTSTN,5,-1,-7.700000000000001,40,2,1,2,0,4,0,0,0,0,2,0,4,4,2,1,7,7,4,0,0,0,0,0,1,1,0,0,0,1,0,1,0,1,0,72523.15584600001
DFVLFDSPLPQITTVNRPSSVPINSAAPFGSLQSNTTSTN,3,-1,-5.0,40,2,0,2,0,3,1,0,2,0,3,0,4,5,2,1,7,5,3,0,0,0,0,0,1,1,0,0,0,0,0,1,0,1,0,72327.5497724
DFVLFDSPQPQRTTVQFPSSVPSNSAAPFGSFQYNTTSTN,4,-1,-20.8,40,2,0,2,0,5,1,0,0,0,1,0,3,5,4,1,7,5,3,0,1,0,0,0,1,1,0,0,0,0,0,2,0,1,0,72318.57056169998
DFVLFDSPQPQRTTVNRPSSVPSNSFAPFGSLQSNTTSTW,2,0,-23.0,40,1,0,2,0,4,1,0,0,0,2,0,3,5,3,2,8,5,3,1,0,0,0,0,1,1,0,0,0,0,0,2,0,1,0,72299.51916029998
DFVLFDSPQSQRTHVNRPSSVPSNSFNPFGSLQSNTTSTN,4,0,-32.60000000000001,40,0,0,2,0,4,1,1,0,0,2,0,5,4,3,2,9,4,3,0,0,0,0,0,1,1,0,0,0,0,0,2,0,1,0,72163.20685939997
DFVLFDSPQPFRTTVNSPSSVPSNSAAPFGSLQSNTTSTN,2,-1,-16.6,40,2,0,2,0,4,1,0,0,0,2,0,4,5,2,1,9,5,3,0,0,0,0,0,1,1,0,0,0,0,0,1,1,2,0,72131.70718079999
DFVLFDSPSPQVTTVNRPSSVPSNSAADFGSLQSNTRSTN,5,-1,-20.9,40,2,0,3,0,3,1,0,0,0,2,0,4,4,2,2,9,4,4,0,0,0,0,0,2,2,0,0,0,0,0,1,0,2,0,72079.59886599993
DFVLFDSPQPQRATVNSPSSVPSAGAAPFGSLQSNTTSFN,5,-1,-11.200000000000003,40,4,0,2,0,4,2,0,0,0,2,0,3,5,3,1,8,3,3,0,0,0,0,0,1,1,0,0,0,0,0,1,0,2,0,72059.7693396
DFVLFDSPQPQITTVNRPSSVPSNSAVPFGSLQSILTSTN,4,-1,-2.700000000000001,40,1,0,2,0,3,1,0,2,0,3,0,3,5,3,1,8,4,4,0,0,0,0,0,1,1,0,0,0,0,0,1,0,1,0,71958.60572190002
DFVLFDWPQPQRTTVNRPSSVFSNTAAYFGSLQSNTTSTN,4,0,-21.9,40,2,0,2,0,4,1,0,0,0,2,0,4,3,3,2,6,6,3,1,1,0,0,0,2,2,0,0,0,0,0,1,1,0,0,71938.2210542
DFVLFDSPQPQRTTVNFPSSVPSNSAAPFGSFQYNTTSTN,3,-1,-20.8,40,2,0,2,0,5,1,0,0,0,1,0,4,5,3,1,7,5,3,0,1,0,0,0,1,1,0,0,0,0,0,2,0,1,0,71936.8169008
DFVLFDFPSPQRTTVNRPSSVPSNQACPFGSMQSNTTSTN,5,0,-24.200000000000003,40,1,1,2,0,4,1,0,0,0,1,1,4,5,3,2,7,5,3,0,0,0,0,0,2,2,0,0,0,0,1,1,0,1,0,71922.7479198
DFVLFDSPQPQRTTVNRPSSGPSNSFAPFGSLQSNTTSTN,2,0,-30.199999999999996,40,1,0,2,0,4,2,0,0,0,2,0,4,5,3,2,8,5,2,0,0,0,0,0,1,1,0,0,0,0,0,2,0,1,0,71843.04075449996
DFVLFDSPQPQRTTVNRPSSVPSNSAAPFGSFQSNTTSTN,1,0,-27.599999999999998,40,2,0,2,0,4,1,0,0,0,1,0,4,5,3,2,8,5,3,0,0,0,0,0,1,1,0,0,0,0,0,2,0,1,0,71833.9525393
DFVLFDSPQPQRTTVNRPSSVPSNSAAPFGSFQSNTTSTN,2,0,-27.599999999999998,40,2,0,2,0,4,1,0,0,0,1,0,4,5,3,2,8,5,3,0,0,0,0,0,1,1,0,0,0,0,0,2,0,1,0,71833.9525393
DFVLFDSPQPQRTTFNMISSVPSNSASPFGSLQSNTCSTN,5,-1,-14.899999999999999,40,1,1,2,0,4,1,0,1,0,2,1,4,4,3,1,9,4,2,0,0,0,0,0,1,1,0,0,0,0,0,1,0,2,0,71809.18460899999
DFVCFDSPQPQRTTRNRPSSVPSNSFAPFGSLQSNTTSTN,3,1,-35.6,40,1,1,2,0,4,1,0,0,0,1,0,4,5,3,3,8,5,2,0,0,0,0,0,1,1,0,0,0,0,0,2,0,1,0,71781.20700259999
DFVLFDSPQPQRTTVASPSSVPFNSAAPFGSLQSNTTSTN,4,-1,-13.999999999999998,40,3,0,2,0,4,1,0,0,0,2,0,3,5,3,1,8,5,3,0,0,0,0,0,1,1,0,0,0,0,0,1,1,2,0,71681.79469509999
DFPLFDSPQPQRLTVNRPSSVPSNSFAPFGSLQTNTTRTN,5,1,-30.500000000000004,40,1,0,2,0,4,1,0,0,0,3,0,4,6,3,3,6,5,2,0,0,0,0,0,1,1,0,0,0,0,0,2,0,1,0,71651.41677569998
DFVLFDSPQPQRTTVNRPSSVPSNSAAPFGSFQSNTTSGY,3,0,-25.099999999999998,40,2,0,2,0,4,2,0,0,0,1,0,3,5,3,2,8,4,3,0,1,0,0,0,1,1,0,0,0,0,0,2,0,1,0,71623.72942509997
DFVLFDSPQPQRTDVNRPSSVPSNTAAPFGSFQSNTTSTN,3,-1,-30.3,40,2,0,3,0,4,1,0,0,0,1,0,4,5,3,2,7,5,3,0,0,0,0,0,1,1,0,0,0,0,0,2,0,1,0,71584.4633775
DFVLFDSPQPQRTTVNRPSSVPSNSAAPFGSFMSNTTKTN,3,1,-25.299999999999997,40,2,0,2,0,4,1,0,0,1,1,1,4,5,2,2,7,5,3,0,0,0,0,0,1,1,0,0,0,0,0,2,0,1,0,71452.71695149998
DFVLFDSPQPQLTTVNMPSSVPSNSAAYFGSLQSNTTSIN,5,-2,-6.400000000000001,40,2,0,2,0,3,1,0,1,0,3,1,4,4,3,0,8,4,3,0,1,0,0,0,1,1,0,0,0,0,0,1,0,1,0,71345.52427470003
DFVLFDSPQPQRTTVNRPSSVPSNTAAPFGSFQSNTTSTN,2,0,-27.499999999999996,40,2,0,2,0,4,1,0,0,0,1,0,4,5,3,2,7,6,3,0,0,0,0,0,1,1,0,0,0,0,0,2,0,1,0,71259.91331169999
DFVLFDSPQPQRTTVNRPSSVPSNTAAPFGSFQSNTTSTN,3,0,-27.499999999999996,40,2,0,2,0,4,1,0,0,0,1,0,4,5,3,2,7,6,3,0,0,0,0,0,1,1,0,0,0,0,0,2,0,1,0,71259.91331169999
DFVLFDSPQPQRTTVNRPSSKPRNSTAEFGSFQSNTTSTN,5,1,-43.8,40,1,0,2,1,4,1,0,0,1,1,0,4,4,3,3,7,6,2,0,0,0,0,0,2,2,0,0,0,0,0,2,0,1,0,71257.19998729997
DFVLFCSPQPQRTTVNRPMSWPSNSAAPFGSFQSNTTSTN,4,1,-24.000000000000004,40,2,1,1,0,4,1,0,0,0,1,1,4,5,3,2,7,5,2,1,0,0,0,0,1,1,0,0,0,0,0,2,0,1,0,71241.41498099995
DFVLFPSMQPQRTTVNRPSSVPSNDAAPFGSFQSNTTSTN,4,0,-24.900000000000002,40,2,0,2,0,4,1,0,0,0,1,1,4,5,3,2,7,5,3,0,0,0,0,0,1,1,0,0,0,0,0,2,0,0,0,71241.35181739998
DFVLFDSPQPQRTTVNRPSSVDSNSAAKFGSFQSNTWSTV,5,0,-24.299999999999994,40,2,0,3,0,4,1,0,0,1,1,0,3,3,3,2,8,4,4,1,0,0,0,0,1,1,0,0,0,0,0,2,0,1,0,71220.86414489997
DFVLFDSPQPQRFTVNDPSSVPSNSAAPFGSLQYNTTSTW,4,-2,-20.0,40,2,0,3,0,4,1,0,0,0,2,0,3,5,3,1,7,4,3,1,1,0,0,0,1,1,0,0,0,0,0,1,0,1,0,71206.3225268
DFVLFDFPQPQRTEVQRPSSVPSNSAAPFGSLQSNTTATN,5,-1,-23.200000000000003,40,3,0,2,1,4,1,0,0,0,2,0,3,5,4,2,6,4,3,0,0,0,0,0,2,2,0,0,0,0,1,1,0,0,0,71186.27802769998
DFVLFDSPQPQRTTVNDPSSVPSNSIAPFGSLQSNFTCTN,4,-2,-16.1,40,1,1,3,0,4,1,0,1,0,2,0,4,5,3,1,7,4,3,0,0,0,0,0,1,1,0,0,0,0,0,1,0,1,0,71183.9534527
DFVLFDSPQPQSTTVNRPSSVPSNSAAPFGSFQSNTTSTN,2,-1,-23.900000000000002,40,2,0,2,0,4,1,0,0,0,1,0,4,5,3,1,9,5,3,0,0,0,0,0,1,1,0,0,0,0,0,2,0,1,0,71120.37813469997
DFVLFNSPQPQMTTVNWPSSVPSNSLAPFGSLQSNTTSTF,5,-1,-8.3,40,1,0,1,0,4,1,0,0,0,3,1,4,5,3,0,8,5,3,1,0,0,0,0,1,1,0,0,0,0,0,1,0,1,0,71040.80335710003
DFVLFDSLQPNRTTVNRPSSVPSNSFAPFGLDQSNTTSTN,5,-1,-22.900000000000002,40,1,0,3,0,4,1,0,0,0,3,0,5,4,2,2,7,5,3,0,0,0,0,0,1,1,0,0,0,0,0,2,0,0,0,71000.37178029999
DFVLFDFPQQQRTTVNRPSSVPSNSAAPFGSLQMNTTSQN,5,0,-25.000000000000007,40,2,0,2,0,4,1,0,0,0,2,1,4,4,5,2,6,4,3,0,0,0,0,0,2,2,0,0,0,0,1,1,0,0,0,70971.69600389998
DFVLFDFPQQQRTTVNRPSSVPSNSAAPFGSLQMNTTSQN,4,0,-25.000000000000007,40,2,0,2,0,4,1,0,0,0,2,1,4,4,5,2,6,4,3,0,0,0,0,0,2,2,0,0,0,0,1,1,0,0,0,70971.69600389998
DFVLFDSQQPQRTTVNRPSSGPSNSFAPFGSLQSNTTSTN,3,0,-32.1,40,1,0,2,0,4,2,0,0,0,2,0,4,4,4,2,8,5,2,0,0,0,0,0,1,1,0,0,0,0,0,2,0,0,0,70933.05860239998
DFVLFDSLQPQRTTVNFPSSVPSNSLSPFGSLQSVTTSTN,5,-1,-6.800000000000002,40,0,0,2,0,4,1,0,0,0,4,0,3,4,3,1,9,5,4,0,0,0,0,0,1,1,0,0,0,0,0,1,0,1,0,70919.80300930003
DFVLFDSPQPQFTTVNYPSLVPSNSAWPFPSLQSNTTSTN,5,-2,-15.399999999999999,40,1,0,2,0,4,0,0,0,0,3,0,4,6,3,0,7,5,3,1,1,0,0,0,1,1,0,0,0,0,0,1,0,1,0,70910.23917320003
DFVLFDSPQPQRTTVNAPSKVPSNSAAPFGSFQSNTTSTN,3,0,-24.4,40,3,0,2,0,4,1,0,0,1,1,0,4,5,3,1,7,5,3,0,0,0,0,0,1,1,0,0,0,0,0,2,0,1,0,70896.66372189998
DFVLFDSPQPQRTTVNRPSSVPSNSAAPFFSFQDNTTSDN,4,-2,-29.9,40,2,0,4,0,5,0,0,0,0,1,0,4,5,3,2,7,4,3,0,0,0,0,0,1,1,0,0,0,1,1,2,0,1,0,70853.55077759999
DFVLFDSPQPMRTTVFRPSSVDSNSAAPFGILQSITTSTN,5,-1,-3.5000000000000027,40,2,0,3,0,4,1,0,2,0,2,1,2,4,2,2,7,5,3,0,0,0,0,0,1,1,0,0,0,0,0,1,0,1,0,70804.53669280001
DFVLFDSPQPQRHTVNRPSSVPSNSFAPFGSLQSNTTRTN,3,1,-31.800000000000004,40,1,0,2,0,4,1,1,0,0,2,0,4,5,3,3,7,4,3,0,0,0,0,0,1,1,0,0,0,0,0,2,0,1,0,70770.63220509997
DFVLFDFPQPQRTTVNKPSSVPSNSAAPFGSLQSNTTSQN,3,0,-25.200000000000003,40,2,0,2,0,4,1,0,0,1,2,0,4,5,4,1,7,4,3,0,0,0,0,0,2,2,0,0,0,0,1,1,0,0,0,70744.71777509997
DFVLFDSPQPQRTTVNQPSSVPSNSAAPFGSFMSNTTKTN,4,0,-24.3,40,2,0,2,0,4,1,0,0,1,1,1,4,5,3,1,7,5,3,0,0,0,0,0,1,1,0,0,0,0,0,2,0,1,0,70722.43289199998
DFVLFDFPQPQRDTVNRPSSVPSLMAAPFGSLQSNTTSTN,4,-1,-15.8,40,2,0,3,0,4,1,0,0,0,3,1,3,5,3,2,6,4,3,0,0,0,0,0,2,2,0,0,0,0,1,1,0,0,0,70717.62534849998
DFVLFDSPQPQITTVNRPSSVPILSAAPFGHLQSNTTITN,5,-1,-2.1000000000000005,40,2,0,2,0,3,1,1,3,0,3,0,3,5,3,1,5,5,3,0,0,0,0,0,1,1,0,0,0,0,0,1,0,1,0,70658.07468160003
DFVLFDSWQPQDTTDNRPSSVPSNSAAPFGSLQWNFTSTN,5,-3,-29.200000000000003,40,2,0,4,0,4,1,0,0,0,2,0,4,4,3,1,7,4,2,2,0,0,0,0,1,1,0,1,0,0,0,1,0,0,0,70546.41237510002
DFVVFDSPSPQRTTVNRPSSVPSNSAAPFGSLFSNTTSTN,3,0,-17.2,40,2,0,2,0,4,1,0,0,0,1,0,4,5,1,2,9,5,4,0,0,0,1,1,1,1,0,0,0,0,0,1,0,2,0,70507.2490848
DFVLFDFPQPQRTTVNRPSSVPSNSAEPFGSLQSNTTSTF,3,-1,-21.999999999999996,40,1,0,2,1,5,1,0,0,0,2,0,3,5,3,2,7,5,3,0,0,0,0,0,2,2,0,1,0,0,1,1,0,0,0,70504.56503119998
DFVLFDSQQPQRTTVNRPSSGPSKSFAPFGSLQSNTTSTN,4,1,-32.5,40,1,0,2,0,4,2,0,0,1,2,0,3,4,4,2,8,5,2,0,0,0,0,0,1,1,0,0,0,0,0,2,0,0,0,70482.1690134
DFVLFDEFQPQRTTVYRPSSVFSNSGAPFGSLQSNTTSTN,5,-1,-20.500000000000004,40,1,0,2,1,5,2,0,0,0,2,0,3,3,3,2,7,5,3,0,1,0,0,0,2,2,0,1,0,0,0,1,2,0,0,70450.53389389996
DFVLFDSPQVQRTTVNRPSSVPSNSADPFGSFQSNTTSNE,5,-2,-29.900000000000006,40,1,0,3,1,4,1,0,0,0,1,0,4,4,3,2,8,4,4,0,0,0,0,0,1,1,0,1,0,0,0,2,0,1,0,70420.90890559998
DFVLWDSPQPQLTTVNRPSSVPFNSAAPFGSDDSNTTSTN,5,-3,-25.700000000000003,40,2,0,4,0,3,1,0,0,0,2,0,4,5,2,1,7,5,3,1,0,0,0,0,1,1,0,0,0,0,0,0,1,1,0,70357.54488740004
DFVLFDSPQPQRTTVNRPSSVPSNTAAPFGSFQSNTCSTN,3,0,-24.299999999999997,40,2,1,2,0,4,1,0,0,0,1,0,4,5,3,2,7,5,3,0,0,0,0,0,1,1,0,0,0,0,0,2,0,1,0,70269.76111549999
DFVLFDSPQPQRTTVWGPSSVPSNSAAPFPSFQSNTTSTN,4,-1,-22.1,40,2,0,2,0,4,1,0,0,0,1,0,3,6,3,1,8,5,3,1,0,0,0,0,1,1,0,0,0,0,0,2,0,1,0,70241.52091839997
DFVLFDSPQPQRTTVNRWSSVPSNSAEFFGSLQSNTTSTN,3,-1,-26.799999999999994,40,1,0,2,1,4,1,0,0,0,2,0,4,3,3,2,8,5,3,1,0,0,0,0,2,2,0,1,0,1,0,1,0,1,0,70225.07139339998
DFVLFDFPQPQRTTVNRPSSVPSNSAADFGSLQSNTTSTN,2,-1,-24.9,40,2,0,3,0,4,1,0,0,0,2,0,4,4,3,2,7,5,3,0,0,0,0,0,3,3,0,0,0,0,1,1,0,0,0,70218.57833669997
DFVLFDSPQPQRTTVNRPSSVPSNSAAPFGSFQSNTFSTK,3,1,-24.499999999999996,40,2,0,2,0,5,1,0,0,1,1,0,3,5,3,2,8,4,3,0,0,0,0,0,1,1,0,0,0,0,0,2,0,1,0,70179.90459909997
DFVDFISPQPQRTTVNRPSSVPSNSAFPFGSLQSNTTSTN,3,0,-24.9,40,1,0,2,0,4,1,0,1,0,1,0,4,5,3,2,8,5,3,0,0,0,0,0,2,2,0,0,0,0,1,1,0,1,0,70131.1336233
DFVLFDFPQNQRTTVNRPSSVPSNSAAPFASLQSNTTSTN,3,0,-22.700000000000003,40,3,0,2,0,4,0,0,0,0,2,0,5,4,3,2,7,5,3,0,0,0,0,0,2,2,0,0,0,0,1,1,0,0,0,70130.6060036
DFVLFDSPQVQRTTVNRPSSVPSNSADPFGSFQSNTTSNI,5,-1,-21.900000000000006,40,1,0,3,0,4,1,0,1,0,1,0,4,4,3,2,8,4,4,0,0,0,0,0,1,1,0,1,0,0,0,2,0,1,0,70099.33434489995
DFVLFDSPQPQRTTVNRPSSPPSNSAAPFGSFQSNTTSTN,2,0,-33.4,40,2,0,2,0,4,1,0,0,0,1,0,4,6,3,2,8,5,2,0,0,0,0,0,1,1,0,0,0,0,0,2,0,2,0,70096.68733589997
DFVLFDFPQPQRTQVNRPSSVPSNSAAPFGSLQSNTTSTN,2,0,-25.800000000000004,40,2,0,2,0,4,1,0,0,0,2,0,4,5,4,2,7,4,3,0,0,0,0,0,2,2,0,0,0,0,1,1,0,0,0,70027.11002289997
DFVLFDFPQPQRTTVNRPSSVPSNSAAPFGSLQSNTTSQN,2,0,-25.8,40,2,0,2,0,4,1,0,0,0,2,0,4,5,4,2,7,4,3,0,0,0,0,0,2,2,0,0,0,0,1,1,0,0,0,70027.11002289997
DFVLFDSPQPQRTTVNRESSVPSNSAAPFGSFQSNTTSTN,3,-1,-29.5,40,2,0,2,1,4,1,0,0,0,1,0,4,4,3,2,8,5,3,0,0,0,0,0,1,1,0,0,0,0,0,2,0,1,0,69995.78326379998
DFVVFDSPSPQRTSVNRPSSVPSNSAAPFGSLFSNTTSTN,4,0,-17.3,40,2,0,2,0,4,1,0,0,0,1,0,4,5,1,2,10,4,4,0,0,0,1,1,1,1,0,0,0,0,0,1,0,2,0,69973.86689490001
DFVLFDSPQQQRTTVNRPSSVPSNSAAPFGSFQSFTTSTN,4,0,-23.200000000000003,40,2,0,2,0,5,1,0,0,0,1,0,3,4,4,2,8,5,3,0,0,0,0,0,1,1,0,0,0,0,0,2,1,1,0,69961.56934919997
DFVLFDSPWPLRTTVNWPVSVPSNSAAPFGSLQSNTTSTN,4,-1,-8.100000000000001,40,2,0,2,0,3,1,0,0,0,3,0,4,5,1,1,7,5,4,2,0,0,0,0,1,1,0,0,1,0,0,1,0,1,0,69894.65385969999
DFVLFDSPQPQRTTVNRPSSVPSNSFAPFGSLQSNYRSTN,3,1,-30.000000000000004,40,1,0,2,0,4,1,0,0,0,2,0,4,5,3,3,8,3,3,0,1,0,0,0,1,1,0,0,0,0,0,2,0,1,0,69796.74480029997
DFVLFDSPQPQRTTVNFPSSVPSNSDSPFGSLHSNMTSTN,5,-2,-24.3,40,0,0,3,0,4,1,1,0,0,2,1,4,5,2,1,9,4,3,0,0,0,0,0,1,1,0,0,1,0,0,1,0,2,0,69772.4810737
DFVLFDSPQPQSTTVNRPSSVPSNSAAPFGSFQSNKTSTN,3,0,-27.1,40,2,0,2,0,4,1,0,0,1,1,0,4,5,3,1,9,4,3,0,0,0,0,0,1,1,0,0,0,0,0,2,0,1,0,69748.094323
DFVLFDSARPQRTTVNRPSSVPSNSYAPFGSFQSNTTLTN,5,1,-23.7,40,2,0,2,0,4,1,0,0,0,2,0,4,4,2,3,7,5,3,0,1,0,0,0,1,1,0,0,0,0,0,2,1,0,0,69727.94708549998
DFVLFDSPFAGRTTVNSPSSVPSNSANPFGSLQSNTTSTN,5,-1,-15.4,40,2,0,2,0,4,2,0,0,0,2,0,5,4,1,1,9,5,3,0,0,0,0,0,1,1,0,0,1,0,0,1,0,2,0,69724.60240080002
DFVLFDFPQPYRTTVNRPSSVPSNSAADFKSLQSNTTSTN,4,0,-26.200000000000003,40,2,0,3,0,4,0,0,0,1,2,0,4,4,2,2,7,5,3,0,1,0,0,0,3,3,0,0,0,0,1,1,1,0,0,69718.02090029996
DFVLFDSPQPQRTTVNRPSSKPRNSTAPFGSFQSNTTSTN,4,2,-41.9,40,1,0,2,0,4,1,0,0,1,1,0,4,5,3,3,7,6,2,0,0,0,0,0,1,1,0,0,0,0,0,2,0,1,0,69685.62275669999
DFVLFPSPQPQRTTVNRPSSVPSNSAAPFGSFQSNTTSTN,2,1,-25.700000000000003,40,2,0,1,0,4,1,0,0,0,1,0,4,6,3,2,8,5,3,0,0,0,0,0,1,1,0,0,0,0,0,2,0,1,0,69671.01172819997
DFVLFDSPQPQRTTVNRPSSVPNRSAAPFGSFQSNTTITN,4,1,-25.999999999999993,40,2,0,2,0,4,1,0,1,0,1,0,4,5,3,3,6,5,3,0,0,0,0,0,1,1,0,0,0,0,0,2,0,1,0,69652.72603229998
DFVLFDSPQPQRTFVNRPSSVPSNSASPFGSLCSNTTSTN,3,0,-19.700000000000003,40,1,1,2,0,4,1,0,0,0,2,0,4,5,2,2,9,4,3,0,0,0,0,0,1,1,0,0,0,0,0,1,0,2,0,69649.8749706
DFVLFDSPQPQCTTVNILSSVPSNSAATFKSLQSNTTSTN,5,-1,-7.8,40,2,1,2,0,3,0,0,1,1,3,0,4,3,3,0,8,6,3,0,0,0,0,0,1,1,0,0,0,0,0,1,0,1,0,69648.25675580002
DFVLFDYPQIQLTTVNRPSSVPSNSAAPFGSLCSNTVSTN,5,-1,-1.8000000000000014,40,2,1,2,0,3,1,0,1,0,3,0,4,4,2,1,7,4,4,0,1,0,0,0,2,1,0,0,0,0,0,1,0,0,0,69640.47122789997
DFVLFDSPQVQRTTVNRPSSVPSNSAAPFGSFQSNKTSTN,3,1,-25.000000000000004,40,2,0,2,0,4,1,0,0,1,1,0,4,4,3,2,8,4,4,0,0,0,0,0,1,1,0,0,0,0,0,2,0,1,0,69618.21730109998
DFVLFDSPQPDRTTVNSPSSWPSNSEAPFGSLQSNTTSTC,5,-3,-27.3,40,1,1,3,1,3,1,0,0,0,2,0,3,5,2,1,9,5,2,1,0,0,0,0,1,1,0,0,1,0,0,1,0,2,0,69608.60361359997
DFVLFDSPQPQFTTVNPPSSVPWNSAAPFGSLQSNTMSTN,4,-2,-13.9,40,2,0,2,0,4,1,0,0,0,2,1,4,6,3,0,7,4,3,1,0,0,0,0,1,1,0,0,0,0,0,1,0,1,0,69540.58180550001
DFVLFDFPQPQRTTVNRPSSVPSNSAAPFGSLTSNTTSTN,3,0,-20.2,40,2,0,2,0,4,1,0,0,0,2,0,4,5,2,2,7,6,3,0,0,0,0,0,2,2,0,0,0,0,1,1,0,0,0,69521.8986489
DFVLFDSPEPQRTTVNRPSSVPSNSAAPFGSFQSNTTRTN,3,0,-31.299999999999997,40,2,0,2,1,4,1,0,0,0,1,0,4,5,2,3,7,5,3,0,0,0,0,0,1,1,0,0,0,0,0,2,0,1,0,69449.53701719997
DFVLFDFPQPQRTEVQRPSSVPSNSAAPFGSLQSNTTSTN,4,-1,-25.800000000000004,40,2,0,2,1,4,1,0,0,0,2,0,3,5,4,2,7,4,3,0,0,0,0,0,2,2,0,0,0,0,1,1,0,0,0,69440.88562589999
DFVLFDFPQPQRTTVNRPSSVPSNSAAPFGSLQSNTTSTN,1,0,-23.0,40,2,0,2,0,4,1,0,0,0,2,0,4,5,3,2,7,5,3,0,0,0,0,0,2,2,0,0,0,0,1,1,0,0,0,69348.75336159999
DFVLFDFPQPQRTTVNRPSSVPSTSAAPFGSLQSNTTSTN,2,0,-20.2,40,2,0,2,0,4,1,0,0,0,2,0,3,5,3,2,7,6,3,0,0,0,0,0,2,2,0,0,0,0,1,1,0,0,0,69285.90938520001
DFVLFDFPQPQRTTVNRPSSVPSNSAAPFGSLKSNTTSTN,2,1,-23.4,40,2,0,2,0,4,1,0,0,1,2,0,4,5,2,2,7,5,3,0,0,0,0,0,2,2,0,0,0,0,1,1,0,0,0,69283.10014379998
DFVLFDSPQPQRTTVNRPSSVPSNSAAPFGSFQMNTTSGY,4,0,-22.4,40,2,0,2,0,4,2,0,0,0,1,1,3,5,3,2,7,4,3,0,1,0,0,0,1,1,0,0,0,0,0,2,0,1,0,69275.95914669998
DFVLFDSPQPQRTTVNRPSSLPSNSAAPFQSLQSNFWCTN,5,0,-23.499999999999996,40,2,1,2,0,4,0,0,0,0,3,0,4,5,4,2,7,3,2,1,0,0,0,0,1,1,0,0,0,0,0,1,0,1,1,69273.29622440001
DFVLFDSPQPQLTTFNRPSPVPSNSAAPFGSLQSNTTSTN,3,-1,-20.500000000000004,40,2,0,2,0,4,1,0,0,0,3,0,4,6,3,1,7,5,2,0,0,0,0,0,1,1,0,0,0,0,0,1,0,2,0,69266.83660380001
DFVLFPSPQPQRTTVNRPSSVPSNSAAPFGSFQSHTTSTN,3,1,-25.400000000000002,40,2,0,1,0,4,1,1,0,0,1,0,3,6,3,2,8,5,3,0,0,0,0,0,1,1,0,0,0,0,0,2,0,1,0,69221.11673809997
DFVLFDSPSPQRTTVNRPSSVPSNSAAPFGSLFSNTTSTN,2,0,-17.600000000000005,40,2,0,2,0,4,1,0,0,0,2,0,4,5,1,2,9,5,3,0,0,0,1,1,1,1,0,0,0,0,0,1,0,2,0,69167.94865870001
DFVLFDSPSPQRTTVNRPSSVPSNSAAPFGSLFSNTTSTN,3,0,-17.600000000000005,40,2,0,2,0,4,1,0,0,0,2,0,4,5,1,2,9,5,3,0,0,0,1,1,1,1,0,0,0,0,0,1,0,2,0,69167.94865870001
DFVLFDFPQGQRTTVNRPSSVPSNSAAPFGSLQSNTTSQN,4,0,-24.6,40,2,0,2,0,4,2,0,0,0,2,0,4,4,4,2,7,4,3,0,0,0,0,0,2,2,0,0,0,0,1,1,0,0,0,69144.67901219998
DFVLFDFPQPQRTTVNRPSSVPSYSAAPFGSLQSNTTSTN,2,0,-20.8,40,2,0,2,0,4,1,0,0,0,2,0,3,5,3,2,7,5,3,0,1,0,0,0,2,2,0,0,0,0,1,1,0,0,0,69140.4025524
DFVNFDSPQPQRTTVNRPSSPPSNSAAPFGSFQENTTSTN,4,-1,-43.400000000000006,40,2,0,2,1,4,1,0,0,0,0,0,5,6,3,2,7,5,2,0,0,0,0,0,1,1,0,0,0,0,0,2,0,2,0,69118.8739044
DFVLFDSPQPQRITVNCPSSVPSNSLAAFGSLQMNTTSTN,5,-1,-6.300000000000002,40,2,1,2,0,3,1,0,1,0,3,1,4,4,3,1,7,4,3,0,0,0,0,0,1,1,0,0,0,0,0,1,0,1,0,69110.71590550001
DFVLFDSPSPQYTTVNRPSSVPSNSAADFGSLQSNTTSTN,3,-2,-22.600000000000005,40,2,0,3,0,3,1,0,0,0,2,0,4,4,2,1,9,5,3,0,1,0,0,0,2,2,0,0,0,0,0,1,0,2,0,69100.27006159996
DFVLFDEWQPQRTTVNRPTSVPFNSAAPFGSLQSNTTSTN,4,-1,-24.900000000000002,40,2,0,2,1,4,1,0,0,0,2,0,4,4,3,2,5,6,3,1,0,0,0,0,2,2,0,1,0,0,0,1,1,0,0,69089.09593859996
DFVLFDSPQMQRTTVNRKSSVPSNSAAPFGSFQSNTTSTN,3,1,-26.400000000000006,40,2,0,2,0,4,1,0,0,1,1,1,4,3,3,2,8,5,3,0,0,0,0,0,1,1,0,0,0,0,0,2,0,1,0,69084.2027267
DFVLFDSPQPVSTTVNRPSSVPSNLAAPFGSLQSATTHTN,5,-1,-7.700000000000001,40,3,0,2,0,3,1,1,0,0,3,0,3,5,2,1,7,5,4,0,0,0,0,0,1,1,0,0,0,0,0,1,0,1,0,69059.77313634999
DFMLFDSPQPQRTTVNGPSSVPSNSAAPFGSFQSNTTSTN,3,-1,-25.800000000000004,40,2,0,2,0,4,2,0,0,0,1,1,4,5,3,1,8,5,2,0,0,0,0,0,1,1,0,0,0,0,0,2,0,1,0,69039.93582379998
DFMLFDSPQPQRTTVNGPSSVPSNSAAPFGSFQSNTTSTN,4,-1,-25.800000000000004,40,2,0,2,0,4,2,0,0,0,1,1,4,5,3,1,8,5,2,0,0,0,0,0,1,1,0,0,0,0,0,2,0,1,0,69039.93582379998
DFVLFDSPQPQITTVNRPSSVPSASAAPFGSLQSNLTSTN,3,-1,-7.8,40,3,0,2,0,3,1,0,1,0,3,0,3,5,3,1,8,4,3,0,0,0,0,0,1,1,0,0,0,0,0,1,0,1,0,69025.4240205
DFVLFDSPQPQLTTVNRPSSVPSPSAAPFGNLQSYTTSTN,4,-1,-16.900000000000002,40,2,0,2,0,3,1,0,0,0,3,0,3,6,3,1,7,5,3,0,1,0,0,0,1,1,0,0,0,0,0,1,1,2,0,69023.76724735001
DFVMFDSPQPQRTTVNRPSSVPSNSAAPFGSFQSNTTSTN,2,0,-29.500000000000004,40,2,0,2,0,4,1,0,0,0,0,1,4,5,3,2,8,5,3,0,0,0,0,0,1,1,0,0,0,0,0,2,0,1,0,69004.9368839
DFCLFDFPQPQRTTVNRPSSVPSNSAAPFGSLQSNTTSTN,2,0,-24.700000000000003,40,2,1,2,0,4,1,0,0,0,2,0,4,5,3,2,7,5,2,0,0,0,0,0,2,2,0,0,0,0,1,1,0,0,0,68955.18608229997
DFVAFDSPQPQRTSVNRPSSVISNSAAPFGSFQSNTTSTN,4,0,-23.600000000000005,40,3,0,2,0,4,1,0,1,0,0,0,4,4,3,2,9,4,3,0,0,0,0,0,1,1,0,0,0,0,0,2,0,1,0,68951.95867409998
DFVLWDSPQPQETTVNRPSSVPFNSAAPFGSLDSNTTSTN,4,-3,-25.700000000000006,40,2,0,3,1,3,1,0,0,0,2,0,4,5,2,1,7,5,3,1,0,0,0,0,1,1,0,0,0,0,0,0,1,1,0,68905.30109010004
DWVLLDSPQPQITTVNRPWSVPSNSAAPFGSLQSFTTSTN,5,-1,-14.100000000000003,40,2,0,2,0,2,1,0,1,0,3,0,3,5,3,1,7,5,3,2,0,0,0,0,1,1,0,0,0,0,0,0,1,1,0,68811.71096850002
DFVLFDSPQPQRTTVNRPSSVPSNSAAPFQSLQSNFWSTN,3,0,-26.4,40,2,0,2,0,4,0,0,0,0,2,0,4,5,4,2,8,3,3,1,0,0,0,0,1,1,0,0,0,0,0,1,0,1,1,68805.7841918
DFVLFDSPQPQMTTVNRPSSVPSNSAAPFGTLQSPTTSTD,4,-2,-18.200000000000003,40,2,0,3,0,3,1,0,0,0,2,1,2,6,3,1,7,6,3,0,0,0,0,0,1,1,0,0,0,0,0,1,0,2,0,68750.88563995001
DFVLFDSPQPQRTTVNLPSSVHSNFMAPFDSLQSNTTSTN,5,-2,-19.3,40,1,0,3,0,4,0,1,0,0,3,1,4,4,3,1,7,5,3,0,0,0,0,0,1,1,0,0,0,0,0,1,0,1,0,68746.27854079999
DFVLFDSPQPQRLTVNIPSSVPSNSFAPFGSLQSNTTSTN,3,-1,-12.100000000000001,40,1,0,2,0,4,1,0,1,0,3,0,4,5,3,1,8,4,3,0,0,0,0,0,1,1,0,0,0,0,0,2,0,1,0,68745.05900560002
DFVLFDSPQIQLTTVNRPSSVPSNSAAPFGSLCSNTTSTN,3,-1,-6.200000000000002,40,2,1,2,0,3,1,0,1,0,3,0,4,4,2,1,8,5,3,0,0,0,0,0,1,1,0,0,0,0,0,1,0,1,0,68734.83453390001
DFVLFDKPHPQRTTVNRCSSVPSNSAAPFGSFQSNTTSTN,4,1,-26.300000000000004,40,2,1,2,0,4,1,1,0,1,1,0,4,4,2,2,7,5,3,0,0,0,0,0,1,1,0,0,0,0,0,2,0,0,0,68720.65727869999
DFVLFTSPQPQRTTVNRPSSVPSNSAAPFGSFQSNTTSTN,2,1,-24.800000000000004,40,2,0,1,0,4,1,0,0,0,1,0,4,5,3,2,8,6,3,0,0,0,0,0,1,1,0,0,0,0,0,2,0,1,0,68669.35652619998
DFVLFDFPQPQRTQVNRPFSVPSNSAAPFGHLQSNTTSTN,4,0,-24.6,40,2,0,2,0,5,1,1,0,0,2,0,4,5,4,2,5,4,3,0,0,0,0,0,2,2,0,0,0,0,1,1,0,0,0,68656.7434804
DFVLFDFPQPTRTTVNRPSSVQSNSAAPFGSLQSNTTSTN,3,0,-22.100000000000005,40,2,0,2,0,4,1,0,0,0,2,0,4,4,3,2,7,6,3,0,0,0,0,0,2,2,0,0,0,0,1,1,0,0,0,68630.30245799998
DFVLFDSPFPQRITVFRPSSVPSCSAAPFGSLQSNTTSTN,4,0,-2.8000000000000034,40,2,1,2,0,5,1,0,1,0,2,0,2,5,2,2,8,4,3,0,0,0,0,0,1,1,0,0,1,0,0,1,0,1,0,68627.31798580004
DFVLFDWPQFQRTHVNRPSSVPPNSAAPFGSLQSNTTSTN,4,0,-25.6,40,2,0,2,0,4,1,1,0,0,2,0,4,5,3,2,6,4,3,1,0,0,0,0,2,2,0,0,0,0,0,1,0,0,0,68524.26087209997
DFVLFDSPQPQRTTVNSPSSVPSNSMAPFGSLQSNMTSIN,4,-1,-14.999999999999998,40,1,0,2,0,3,1,0,1,0,2,2,4,5,3,1,9,3,3,0,0,0,0,0,1,1,0,0,0,0,0,1,0,2,0,68503.87147950001
DFVLFDSPQPQRTTVDGPSSVPSNSALPFGSLNSNTTFTN,5,-2,-16.900000000000002,40,1,0,3,0,4,2,0,0,0,3,0,4,5,2,1,7,5,3,0,0,0,0,0,1,1,0,0,0,0,0,1,0,1,0,68502.789389
DFVLFDSPQPMRTTVNSPSSIPSNSAAPFGSLQSNLTSTN,4,-1,-12.700000000000003,40,2,0,2,0,3,1,0,1,0,3,1,4,5,2,1,9,4,2,0,0,0,0,0,1,1,0,0,0,0,0,1,0,2,0,68501.60245200004
DFVFFDFPFPQRTTVNRPSSVPSNSAAPFGSLVSNTTSTN,4,0,-10.000000000000004,40,2,0,2,0,6,1,0,0,0,1,0,4,5,1,2,7,5,4,0,0,0,0,0,2,2,0,0,2,1,2,1,0,0,0,68497.199555
DFVLFDFPQPQRTTVNRPSSVPSNSATPFGSLKSNTTSTN,3,1,-25.9,40,1,0,2,0,4,1,0,0,1,2,0,4,5,2,2,7,6,3,0,0,0,0,0,2,2,0,0,0,0,1,1,0,0,0,68491.00388609998
DFVLFDSPQPQRTTVNGPSSVPSNSAAPFPSFQSNTTSTN,3,-1,-24.7,40,2,0,2,0,4,1,0,0,0,1,0,4,6,3,1,8,5,3,0,0,0,0,0,1,1,0,0,0,0,0,2,0,1,0,68476.34377559998
DFVLFDSPQPQRTTVNRASSEPSNSFAPFGSLISNTTSTN,4,-1,-21.9,40,2,0,2,1,4,1,0,1,0,2,0,4,4,2,2,8,5,2,0,0,0,0,0,1,1,0,0,0,0,0,2,0,1,0,68441.93359179997
DFVLFDWPQFQRTTVNRPSSVPPNSAAPFGSLQSNTTSTN,5,0,-23.1,40,2,0,2,0,4,1,0,0,0,2,0,4,5,3,2,6,5,3,1,0,0,0,0,2,2,0,0,0,0,0,1,0,0,0,68382.1526108
DFVLFDSPQPQRTTVFRPSSVPSPSAAPFGQLMSNTTSTN,4,0,-15.7,40,2,0,2,0,4,1,0,0,0,2,1,2,6,3,2,7,5,3,0,0,0,0,0,1,1,0,0,0,0,0,1,0,2,0,68332.23086730001
DFVLFDSHQPQRTTVNFESSVPSNSDAPFGSLMSNTTSTN,5,-3,-22.699999999999996,40,1,0,3,1,4,1,1,0,0,2,1,4,3,2,1,8,5,3,0,0,0,0,0,1,1,0,0,1,0,0,1,0,0,0,68324.36759690003
DFVLFDSPQPQRTTVNRPSNVPSNTAAPFGSFQSNTTSTN,4,0,-30.199999999999996,40,2,0,2,0,4,1,0,0,0,1,0,5,5,3,2,6,6,3,0,0,0,0,0,1,1,0,0,0,0,0,2,0,1,0,68306.32328060002
DFVLFDSPQPQITTVNYPSSPPSNSAAPFISLQSNTTSTN,4,-2,-15.299999999999997,40,2,0,2,0,3,0,0,2,0,2,0,4,6,3,0,8,5,2,0,1,0,0,0,1,1,0,0,0,0,0,1,0,2,0,68287.81865045003
DFVLFDSPCPFITTVNRPSSVPSNSAAPFGSLQSNTTSTN,5,-1,-5.300000000000001,40,2,1,2,0,4,1,0,1,0,2,0,4,5,1,1,8,5,3,0,0,0,0,0,1,1,0,0,0,0,0,1,1,1,0,68208.59008560002
DFVLFDSPQPQRTTVNFPSSVPSNSAAPFGSFQENTTSTN,4,-2,-23.0,40,2,0,2,1,5,1,0,0,0,1,0,4,5,3,1,7,5,3,0,0,0,0,0,1,1,0,0,0,0,0,2,0,1,0,68201.49591429996
DFVLFDSPQPQRTAVNGPSSVPSNSAAPFPSFQSNTTSTN,4,-1,-22.200000000000003,40,3,0,2,0,4,1,0,0,0,1,0,4,6,3,1,8,4,3,0,0,0,0,0,1,1,0,0,0,0,0,2,0,1,0,68155.06706729997
DFVLFDSPQPQRTTVNGPSSVPSNSAAPFGSFQSNTTSTN,2,-1,-23.5,40,2,0,2,0,4,2,0,0,0,1,0,4,5,3,1,8,5,3,0,0,0,0,0,1,1,0,0,0,0,0,2,0,1,0,68124.11533069998
DFVLFDSPQPTRTTVNREYSVFSNSAAPFGSLQSNTTSTN,5,-1,-21.800000000000004,40,2,0,2,1,4,1,0,0,0,2,0,4,3,2,2,7,6,3,0,1,0,0,0,2,1,0,0,0,0,0,1,0,1,0,68117.9671707
DFVLFDSPQPQITTVNRPSSVPILSAAPFGHLQSNTTSTN,4,-1,-7.400000000000001,40,2,0,2,0,3,1,1,2,0,3,0,3,5,3,1,6,5,3,0,0,0,0,0,1,1,0,0,0,0,0,1,0,1,0,68101.39973720002
DFVLFDSPCPQITTVNRPFSVPSNSAAPFGSLQSNTTSTN,5,-1,-8.000000000000004,40,2,1,2,0,4,1,0,1,0,2,0,4,5,2,1,7,5,3,0,0,0,0,0,1,1,0,0,0,0,0,1,0,1,0,68021.93564670003
DFVLFISPQPQRTTVNRPSSPFSNSAAPFGSLITNTTSTN,5,1,-11.900000000000004,40,2,0,1,0,4,1,0,2,0,2,0,4,5,2,2,7,6,2,0,0,0,0,0,1,1,0,0,0,0,0,1,0,2,0,67988.75308529998
DFVLFDSPQPVRTTVNWPSSVPSNSADVFGSLQSNTTSTN,4,-2,-14.799999999999997,40,1,0,3,0,3,1,0,0,0,2,0,4,4,2,1,8,5,5,1,0,0,0,0,1,1,0,1,0,0,0,1,0,1,0,67982.45218657999
DFVLFDSPQPQVTTVNRPSSVPSWSAAPFGSLLSNTTSTN,4,-1,-8.0,40,2,0,2,0,3,1,0,0,0,3,0,3,5,2,1,8,5,4,1,0,0,1,1,1,1,0,0,0,0,0,1,0,1,0,67970.02559454997
DFVLFDFPQPQRTTQPRPSSVPSFSAAPFGSLHSNTTSTN,5,0,-22.200000000000006,40,2,0,2,0,5,1,1,0,0,2,0,2,6,3,2,7,5,2,0,0,0,0,0,2,2,0,0,0,0,1,1,0,0,0,67946.90241139999
DFVLFDSPQPQRTTVNRPSSVPSQSAAPFGSFQSNGPATN,5,0,-25.599999999999998,40,3,0,2,0,4,2,0,0,0,1,0,3,6,4,2,7,3,3,0,0,0,0,0,1,1,0,0,0,0,0,2,0,1,0,67942.7885178
DFVLFDSPQQQRTPVNRPSSVPSNSAAPFGSFQSNTTSTN,4,0,-30.400000000000002,40,2,0,2,0,4,1,0,0,0,1,0,4,5,4,2,8,4,3,0,0,0,0,0,1,1,0,0,0,0,0,2,0,1,0,67915.433679
DFVAFDSPQPQRTTVNRPSSVISNSAAPFGSFQSNTTSTN,3,0,-23.500000000000004,40,3,0,2,0,4,1,0,1,0,0,0,4,4,3,2,8,5,3,0,0,0,0,0,1,1,0,0,0,0,0,2,0,1,0,67914.12754989999
DFVLFDSPQPQRLTVNRPSSVPSNSFAPFGSLQSNTTSTN,2,0,-21.100000000000005,40,1,0,2,0,4,1,0,0,0,3,0,4,5,3,2,8,4,3,0,0,0,0,0,1,1,0,0,0,0,0,2,0,1,0,67893.85059679997
DFVLFDSPQPQRRFVNRPSSVPSNLAADFGSLQSNTTSTN,5,0,-24.200000000000003,40,2,0,3,0,4,1,0,0,0,3,0,4,4,3,3,7,3,3,0,0,0,0,0,2,2,0,0,0,0,0,1,0,1,0,67876.14916129998
DFVLFDSPQQQRTTVNRPSSVPSNSAAPFGSFQSNTTSTN,3,0,-29.500000000000004,40,2,0,2,0,4,1,0,0,0,1,0,4,4,4,2,8,5,3,0,0,0,0,0,1,1,0,0,0,0,0,2,0,1,0,67818.09236890002
DFVLFDSPQPQRTTVIRPVSVPSLSALPFGSLQSNTTSTT,5,0,-1.500000000000001,40,1,0,2,0,3,1,0,1,0,4,0,1,5,3,2,7,6,4,0,0,0,0,0,1,1,0,0,0,0,0,1,0,1,0,67814.96865320002
DFVIFDSPSPQYTTVNRPSSVPSNSAADFGSLQSNTTSTN,4,-2,-21.900000000000002,40,2,0,3,0,3,1,0,1,0,1,0,4,4,2,1,9,5,3,0,1,0,0,0,2,2,0,0,0,0,0,1,0,2,0,67619.55963179996
DFVLFDSPQPQRTTVNAPSSVPSNSAAPFGSFQSNTTSTN,2,-1,-21.3,40,3,0,2,0,4,1,0,0,0,1,0,4,5,3,1,8,5,3,0,0,0,0,0,1,1,0,0,0,0,0,2,0,1,0,67604.7092362
DFVLFDYPQPQRTTVNRPSYVPSASAAPFGSLQRNTTFTN,5,1,-22.4,40,3,0,2,0,4,1,0,0,0,2,0,3,5,3,3,4,5,3,0,2,0,0,0,2,1,0,0,0,0,0,1,0,0,0,67587.90168360001
DFVLFDSPQPMMTTVNRPSSVPSNSAAPFGTLQSPTTSTN,4,-1,-12.800000000000002,40,2,0,2,0,3,1,0,0,0,2,2,3,6,2,1,7,6,3,0,0,0,0,0,1,1,0,0,0,0,0,1,0,2,0,67527.22039905001
DFVLFDSDQPQRTTVNRPTSVPSNSFAPFGDLQSNTTSTN,5,-2,-30.1,40,1,0,4,0,4,1,0,0,0,2,0,4,4,3,2,6,6,3,0,0,0,0,0,1,1,1,0,0,0,0,2,0,0,0,67520.72858050001
DFVLFDSPQPQRTTVNRPSYVPSPSAFPFGSLQSNTTSWN,4,0,-24.4,40,1,0,2,0,4,1,0,0,0,2,0,3,6,3,2,7,4,3,1,1,0,0,0,1,1,0,0,0,0,1,1,0,2,0,67516.6471919
DFVLFDSPQPQRTTVNGPSSVPSNSAAPFGALVSNTTSTV,4,-1,-4.499999999999997,40,3,0,2,0,3,2,0,0,0,2,0,3,5,2,1,7,5,5,0,0,0,0,0,1,1,0,0,0,0,0,1,0,1,0,67512.78071350002
DFYLFDSPQPQRTLVASPSSVPSNSAAPFGSLQSNTTLTN,5,-1,-14.0,40,3,0,2,0,3,1,0,0,0,4,0,3,5,3,1,8,4,2,0,1,0,0,0,1,1,0,1,0,0,0,1,0,2,0,67491.24401360001
DFVLFDSPQPQRTTVNIPSSVPSHSAAPFGSLQLNTPSPN,5,-1,-14.5,40,2,0,2,0,3,1,1,1,0,3,0,3,7,3,1,7,3,3,0,0,0,0,0,1,1,0,0,0,0,0,1,0,2,0,67444.00817959999
DFVLFDSPQPFRTTVNSPSSVPSNSPAPFGSLQSNTNSTN,4,-1,-22.8,40,1,0,2,0,4,1,0,0,0,2,0,5,6,2,1,9,4,3,0,0,0,0,0,1,1,0,0,0,0,0,1,1,3,0,67365.02963229996
DFVLFDSPQPVRTTVNHPSSVPSNAAAPFGSLLWNTTSTN,5,-1,-7.8,40,3,0,2,0,3,1,1,0,0,3,0,4,5,1,1,6,5,4,1,0,0,1,1,1,1,0,0,0,0,0,1,0,1,1,67364.0629488
DFVLFDFPQPQRTTVNRPSSVPSTSAAPFGGLQSNTTSTN,3,0,-19.799999999999997,40,2,0,2,0,4,2,0,0,0,2,0,3,5,3,2,6,6,3,0,0,0,0,0,2,2,0,0,0,0,1,1,0,0,0,67351.16697169999
DFVAFDSPQPQRTTVNRPSSVPSNSAAPFGSFQSNTTSTN,2,0,-29.6,40,3,0,2,0,4,1,0,0,0,0,0,4,5,3,2,8,5,3,0,0,0,0,0,1,1,0,0,0,0,0,2,0,1,0,67340.0148497
DFVLFDKPHPQRTTVNRPSSVPSNSAAPFHSFQSNTTSTN,4,1,-33.2,40,2,0,2,0,4,0,2,0,1,1,0,4,5,2,2,7,5,3,0,0,0,0,0,1,1,0,0,0,0,0,2,0,0,0,67306.51173509996
DFVLFDSPQPQRTTVNRPSWVPSNSAFPFGSLQSNTTSTQ,3,0,-25.699999999999996,40,1,0,2,0,4,1,0,0,0,2,0,3,5,4,2,7,5,3,1,0,0,0,0,1,1,0,0,0,0,1,1,0,1,0,67291.92760709999
DFVFFDFPQPQRQFVNRPSSVLSNSAAPFGSLQSNTTSTN,5,0,-17.9,40,2,0,2,0,6,1,0,0,0,2,0,4,4,4,2,7,3,3,0,0,0,0,0,2,2,0,0,1,1,2,1,0,0,0,67285.98834269997
DFVLFDFPQPQRTTVNRPSSVPSNSAAPFNSLQSNTTSTN,3,0,-26.099999999999998,40,2,0,2,0,4,0,0,0,0,2,0,5,5,3,2,7,5,3,0,0,0,0,0,2,2,0,0,0,0,1,1,0,0,0,67247.69340049998
DFVLFDSPQPQRTTVNRPSSLPSNSAAPFQSLQSNFWSTN,4,0,-26.799999999999997,40,2,0,2,0,4,0,0,0,0,3,0,4,5,4,2,8,3,2,1,0,0,0,0,1,1,0,0,0,0,0,1,0,1,1,67246.23311000002
DFVLFDNPQFQRTTVNRPSSVPSNLAAEFGSLQSNTTSTN,4,-1,-22.200000000000003,40,2,0,2,1,4,1,0,0,0,3,0,5,3,3,2,6,5,3,0,0,0,0,0,2,2,0,0,0,0,0,1,0,0,0,67202.77500919999
DFWLFDSPQPQITTVLRPSSVPSNSAAPFGSLQSNTTFTN,5,-1,-11.799999999999999,40,2,0,2,0,4,1,0,1,0,3,0,3,5,3,1,7,5,2,1,0,0,0,0,1,1,0,1,0,0,0,1,0,1,0,67173.58187485003
DFVLFDSPQPQRTSVNRPSSKPSNSAAPFGSFQSNTTSTN,3,1,-35.8,40,2,0,2,0,4,1,0,0,1,1,0,4,5,3,2,9,4,2,0,0,0,0,0,1,1,0,0,0,0,0,2,0,1,0,67117.4579171
DFVLFDSPQPQRTSVNRPSSKPSNSAAPFGSFQSNTTSTN,4,1,-35.8,40,2,0,2,0,4,1,0,0,1,1,0,4,5,3,2,9,4,2,0,0,0,0,0,1,1,0,0,0,0,0,2,0,1,0,67117.4579171
DFVLFDFPQPQRTTVNRPSSVPNNSAAPFGSLQSNTTSTN,2,0,-25.700000000000003,40,2,0,2,0,4,1,0,0,0,2,0,5,5,3,2,6,5,3,0,0,0,0,0,2,2,0,0,0,0,1,1,0,0,0,67112.8212847
DFVLFPSPQPQRTTVNRPSEVPSNSAAPFGSFCSNTTSTN,4,0,-22.4,40,2,1,1,1,4,1,0,0,0,1,0,4,6,2,2,7,5,3,0,0,0,0,0,1,1,0,0,0,0,0,2,0,1,0,67103.19326229996
DFVLFDSPQPQRGTVNFPSSVPSNSAAVFGSLQINTTSTN,4,-1,-7.900000000000002,40,2,0,2,0,4,2,0,1,0,2,0,4,4,3,1,7,4,4,0,0,0,0,0,1,1,0,0,0,0,0,1,0,1,0,67102.41592660006
DFVLFDSPQPQRTVVNFPSSVPSNSAAPFGSFQYNTTSTM,5,-1,-10.499999999999998,40,2,0,2,0,5,1,0,0,0,1,1,3,5,3,1,7,4,4,0,1,0,0,0,1,1,0,0,0,0,0,2,0,1,0,67087.84392600003
DFWLFDSPQPQRTTVNRPSSKPRNSTAPFGSFQSNTTSTN,5,2,-47.000000000000014,40,1,0,2,0,4,1,0,0,1,1,0,4,5,3,3,7,6,1,1,0,0,0,0,1,1,0,1,0,0,0,2,0,1,0,67035.30450109998
DFVLFDSPSPQATTVNRPSSVPSYSAADFGSLQSNTTSTN,5,-2,-17.3,40,3,0,3,0,3,1,0,0,0,2,0,3,4,2,1,9,5,3,0,1,0,0,0,2,2,0,0,0,0,0,1,0,2,0,67035.10798080004
DFVLFDSPQPQRTTVFRPSSVPSNSAAPFGSLQSMTTSTD,3,-1,-14.9,40,2,0,3,0,4,1,0,0,0,2,1,1,5,3,2,8,5,3,0,0,0,0,0,1,1,0,0,0,0,0,1,0,1,0,67034.41887999997
DFVAFDFPQPQRTTVNRPSSVPSNSAAPFGSLQSNTTSTN,2,0,-25.0,40,3,0,2,0,4,1,0,0,0,1,0,4,5,3,2,7,5,3,0,0,0,0,0,2,2,0,0,0,0,1,1,0,0,0,66987.48857170001
DFVLFDSPQPQRTTVNSPSSVPENSEAGFGSLQSNTWSTN,5,-3,-29.899999999999995,40,1,0,2,2,3,2,0,0,0,2,0,4,4,3,1,8,4,3,1,0,0,0,0,1,1,0,0,1,0,0,1,0,2,0,66922.99605530001
DFVLFDSPQPQRTTVNRPSSVFSNSFAPFGSLQSNTLRTN,4,1,-20.4,40,1,0,2,0,5,1,0,0,0,3,0,4,4,3,3,7,4,3,0,0,0,0,0,1,1,0,0,0,0,0,2,0,1,0,66905.48731859997
DFVLFDSPQPQRTTVNRPSSVPSNSAAPFGSFQSNTTSTV,2,0,-19.9,40,2,0,2,0,4,1,0,0,0,1,0,3,5,3,2,8,5,4,0,0,0,0,0,1,1,0,0,0,0,0,2,0,1,0,66894.37960409997
DFVTFDSPQPQRTTVNRPSSVPSNSAACFQSLQSNFWSTN,5,0,-26.8,40,2,1,2,0,4,0,0,0,0,1,0,4,4,4,2,8,4,3,1,0,0,0,0,1,1,0,0,0,0,0,1,0,1,1,66890.87071340001
DFVLFDCPQPQVTTVNDPSSVPSNSAMPFGALQSNTTSTN,5,-3,-10.9,40,2,1,3,0,3,1,0,0,0,2,1,4,5,3,0,6,5,4,0,0,0,0,0,1,1,0,0,0,0,0,1,0,0,0,66866.8602241
DFVLFDSPQPQRTTVNWPSSVPSNSLAPFGSLQSNTTSTF,3,-1,-14.7,40,1,0,2,0,4,1,0,0,0,3,0,3,5,3,1,8,5,3,1,0,0,0,0,1,1,0,0,0,0,0,1,0,1,0,66820.457276
DFVLFDSPQPQRTTVNRPSSVPSGSAAPFGSFQSNTTSTN,2,0,-24.5,40,2,0,2,0,4,2,0,0,0,1,0,3,5,3,2,8,5,3,0,0,0,0,0,1,1,0,0,0,0,0,2,0,1,0,66776.88339389999
DFVLFDLPQPQRTTVNFPSSVPSNSAAPFGSFQENTTSTN,5,-2,-18.400000000000002,40,2,0,2,1,5,1,0,0,0,2,0,4,5,3,1,6,5,3,0,0,0,0,0,1,1,1,0,0,0,0,2,0,0,0,66718.78542589999
DFVLFDSPQPQITTVNRPISVPSISAAPFGSLHSNTTSTN,4,-1,-4.000000000000002,40,2,0,2,0,3,1,1,3,0,2,0,3,5,2,1,7,5,3,0,0,0,0,0,1,1,0,0,0,0,0,1,0,1,0,66683.6350964
DFVLFDSPQPFRTTVNSPSSVHSNSAAPFGSLQSNTTSTN,3,-1,-18.200000000000003,40,2,0,2,0,4,1,1,0,0,2,0,4,4,2,1,9,5,3,0,0,0,0,0,1,1,0,0,0,0,0,1,1,2,0,66676.4067068
DFVEFDSPQPQRVTVNRPSSVPGNSAAPFGSLQSNTTYFN,5,-1,-25.600000000000005,40,2,0,2,1,4,2,0,0,0,1,0,4,5,3,2,6,3,4,0,1,0,0,0,2,2,0,0,0,0,0,1,0,1,0,66644.55163559997
DFVLFDSNQPQRTTVNRPSSVPSNFAAPFGSLWYNTTSTN,5,0,-22.800000000000004,40,2,0,2,0,4,1,0,0,0,2,0,5,4,2,2,6,5,3,1,1,0,1,1,1,1,0,0,0,0,0,1,0,0,1,66637.36254319997
DFVLFSSWQPQCTTVNTPSIVPSNSAAPFGSLQSNTTSTN,5,-1,-7.100000000000002,40,2,1,1,0,3,1,0,1,0,2,0,4,4,3,0,8,6,3,1,0,0,0,0,1,1,0,0,0,0,0,1,0,0,0,66605.15010269999
DFVLFDSPQPQRTTVNRPSGVFSNSAAPFCSLISNTTSTC,5,0,-4.899999999999997,40,2,2,2,0,4,1,0,1,0,2,0,3,4,2,2,7,5,3,0,0,0,0,0,1,1,0,0,0,0,0,1,0,1,0,66534.787471
DFVLFDSPQPQRTTVERPSSVPSNCAAVFCSLISNTTSTN,5,-1,-6.6,40,2,2,2,1,3,0,0,1,0,2,0,3,4,2,2,7,5,4,0,0,0,0,0,1,1,0,0,0,0,0,1,0,1,0,66519.59245309998
DFVLFDWPFPQRTCVNRPSSVPSNSAAPFGSLQSNTQSTQ,5,0,-20.000000000000004,40,2,1,2,0,4,1,0,0,0,2,0,3,5,4,2,7,3,3,1,0,0,0,0,2,2,0,0,1,0,0,1,0,0,0,66492.76123389996
DFVLFDSPQPQLTTVNRPSSVPSPSAAPFGSLQSYTTSTN,3,-1,-14.200000000000003,40,2,0,2,0,3,1,0,0,0,3,0,2,6,3,1,8,5,3,0,1,0,0,0,1,1,0,0,0,0,0,1,1,2,0,66488.6784695
DFPLFDSPFPQRTTVNWPSSVPLNSAAPFGSLQSNTTSWN,5,-1,-18.100000000000005,40,2,0,2,0,4,1,0,0,0,3,0,4,6,2,1,7,4,2,2,0,0,0,0,1,1,0,0,1,0,0,1,0,1,0,66473.00495870001
DFVLFDSPQPQRTTVNRPSSKPSNSAAPFGSFQSNTTSTN,2,1,-35.699999999999996,40,2,0,2,0,4,1,0,0,1,1,0,4,5,3,2,8,5,2,0,0,0,0,0,1,1,0,0,0,0,0,2,0,1,0,66471.6690529
DFVLFDSPFPQRTTVNRYSSVPSNSQAPFGSLQSNTTSWN,4,0,-25.500000000000004,40,1,0,2,0,4,1,0,0,0,2,0,4,4,3,2,8,4,3,1,1,0,0,0,1,1,0,0,1,0,0,1,0,1,0,66468.4636603
DFVLFDLPQPQRTTVNRPSSVPSNPFAPFGSLQSNTLRTN,5,1,-21.0,40,1,0,2,0,4,1,0,0,0,4,0,4,6,3,3,5,4,3,0,0,0,0,0,1,1,1,0,0,0,0,2,0,0,0,66384.33786659996
DFVLFWSPQPCRTTVNCPSSVPGNFAAPFGSLQSNTTSTN,5,0,-7.000000000000001,40,2,2,1,0,4,2,0,0,0,2,0,4,5,2,1,6,5,3,1,0,0,1,1,1,1,0,0,0,0,0,1,0,1,0,66383.93165269999
DFVLFDSPQPDRTTVGRPSSIPSNSAAPFGILQSNTTSFN,5,-1,-14.400000000000002,40,2,0,3,0,4,2,0,2,0,2,0,3,5,2,2,7,4,2,0,0,0,0,0,1,1,0,0,0,0,0,1,0,1,0,66348.84161680001
DFMLFDSPQPQRTTVNGPPSVPSNSAAPFGSFQSNTTSTN,5,-1,-26.6,40,2,0,2,0,4,2,0,0,0,1,1,4,6,3,1,7,5,2,0,0,0,0,0,1,1,0,0,0,0,0,2,0,1,0,66321.19848329999
DFVLFDSPQIQRTSVNRPSSKPSNSAAPFGSFQSNTTSTN,4,1,-29.700000000000003,40,2,0,2,0,4,1,0,1,1,1,0,4,4,3,2,9,4,2,0,0,0,0,0,1,1,0,0,0,0,0,2,0,1,0,66293.4049075
DFVLFPSPQAQFTTVNRPSSVPSNSPAPFGSLQSNTTSTN,4,0,-17.4,40,2,0,1,0,4,1,0,0,0,2,0,4,6,3,1,8,5,3,0,0,0,0,0,1,1,0,0,0,0,0,1,0,2,0,66228.72516890001
DFVAFDSPQPQRTTVNRPSSVPSNSAAPFGSFQSNTTSGN,3,0,-29.3,40,3,0,2,0,4,2,0,0,0,0,0,4,5,3,2,8,4,3,0,0,0,0,0,1,1,0,0,0,0,0,2,0,1,0,66163.54501609999
DFVLFDSPQPQLTTVNRPSSVPSPSAAPFGSLGSYTTSTN,4,-1,-11.100000000000005,40,2,0,2,0,3,2,0,0,0,3,0,2,6,2,1,8,5,3,0,1,0,0,0,1,1,0,0,0,0,0,1,1,2,0,66163.33734280002
DFVLFDSPSPQRTTVNRPSSVPSNSAAEFCSLQSNTTSTN,3,-1,-22.900000000000002,40,2,1,2,1,3,0,0,0,0,2,0,4,4,2,2,9,5,3,0,0,0,0,0,2,2,0,0,0,0,0,1,0,2,0,66157.41863549995
DFVLFDSPFPQRTTVQRYDSVPSNSAAPFGSLQSNTTSWN,5,-1,-22.900000000000002,40,2,0,3,0,4,1,0,0,0,2,0,3,4,3,2,7,4,3,1,1,0,0,0,1,1,0,0,1,0,0,1,0,1,0,66140.12811670001
DFVLFDSPQPQRTTVNRPSSVPSNSAAKFGSFQSNTWSTI,5,1,-22.099999999999994,40,2,0,2,0,4,1,0,1,1,1,0,3,4,3,2,8,4,3,1,0,0,0,0,1,1,0,0,0,0,0,2,0,1,0,66109.72410949996
DFCLFDFPQPQRTTVNRPSSVPSSSAAPFGSLQSNTTSTN,3,0,-22.000000000000004,40,2,1,2,0,4,1,0,0,0,2,0,3,5,3,2,8,5,2,0,0,0,0,0,2,2,0,0,0,0,1,1,0,0,0,66054.35850819999
DFVLFDSPQPQRTTVNRPSSVPSMSAAPFGSFQSNTTSTN,2,0,-22.2,40,2,0,2,0,4,1,0,0,0,1,1,3,5,3,2,8,5,3,0,0,0,0,0,1,1,0,0,0,0,0,2,0,1,0,66040.52745199998
YFELFDSFQPKRTTVNRPSSVPSNSAAPFGSLQSNTTSTN,4,1,-28.1,40,2,0,1,1,4,1,0,0,1,2,0,4,4,2,2,8,5,2,0,1,0,1,0,0,0,1,2,0,0,0,1,1,0,0,66030.20350079998
DFVNFDSPYPQRTTVNRPSSVPSNSAAPFFSLQSNSTSIN,5,0,-23.400000000000006,40,2,0,2,0,4,0,0,1,0,1,0,5,5,2,2,9,3,3,0,1,0,0,0,1,1,0,0,1,1,0,1,0,1,0,66023.27059839999
DFVLFDSPQPQMTTVNRPSSVPSNSAAPFGTLTSPTTSTN,4,-1,-15.4,40,2,0,2,0,3,1,0,0,0,2,1,3,6,2,1,7,7,3,0,0,0,0,0,1,1,0,0,0,0,0,1,0,2,0,66016.00807020001
DFVLFDSPQPQRQTVNCPSSVPSNSAAPFGSFQSNTTSES,5,-2,-23.5,40,2,1,2,1,4,1,0,0,0,1,0,3,5,4,1,9,3,3,0,0,0,0,0,1,1,0,0,0,0,0,2,0,1,0,66009.02487439995
DFVLFDSPQPQRTTVFRPSSVDSNSAAPFGSLQSITTSTN,3,-1,-14.200000000000003,40,2,0,3,0,4,1,0,1,0,2,0,2,4,3,2,8,5,3,0,0,0,0,0,1,1,0,0,0,0,0,1,0,1,0,65985.01792749998
DFVFFDSPMPQRTTVDRPSSVNSNSAAYFGSLQSNTTSTN,5,-1,-23.8,40,2,0,3,0,4,1,0,0,0,1,1,4,3,2,2,8,5,3,0,1,0,0,0,1,1,0,0,1,1,1,1,0,1,0,65976.34014599999
DFVLFDSPQPQRTTVNRPSSVPSNSAAKFGSFQSNTWSTV,4,1,-22.399999999999995,40,2,0,2,0,4,1,0,0,1,1,0,3,4,3,2,8,4,4,1,0,0,0,0,1,1,0,0,0,0,0,2,0,1,0,65972.21946689996
DFVLFDSPQPQRTTVASPSSVPSNSAAPFGSLQYNTTSTN,3,-1,-18.1,40,3,0,2,0,3,1,0,0,0,2,0,3,5,3,1,8,5,3,0,1,0,0,0,1,1,0,0,0,0,0,1,0,2,0,65955.63827955002
DFVLFDSPQPQPTTVNRPSSFPSNSAAPFSSLQSPTTSTN,4,-1,-23.6,40,2,0,2,0,4,0,0,0,0,2,0,3,7,3,1,9,5,2,0,0,0,0,0,1,1,0,0,0,0,0,1,0,2,0,65924.07208639999
DFFLFDSPQPQRTTVNRPSSVPSNFEAPFGSLYSNTTSTN,4,-1,-27.500000000000004,40,1,0,2,1,5,1,0,0,0,2,0,4,5,2,2,7,5,2,0,1,0,1,0,1,1,0,1,1,1,1,1,0,1,0,65919.3889339
DFVLFDSPYVQRTTVNRPSSVGSPSAAPFGSLQSNTTSTN,5,0,-15.5,40,2,0,2,0,3,2,0,0,0,2,0,3,4,2,2,8,5,4,0,1,0,0,0,1,1,0,0,1,0,0,1,0,2,0,65879.39674810003
DFVLFDSPQPQMTTVNRPSSVPSNSAAPFGTLQSPTTSTN,3,-1,-18.200000000000003,40,2,0,2,0,3,1,0,0,0,2,1,3,6,3,1,7,6,3,0,0,0,0,0,1,1,0,0,0,0,0,1,0,2,0,65858.34760215
DFVLFDSPQPQRTTVNRPYSVPSNSAAPFFSPQSNTTSTL,5,0,-22.0,40,2,0,2,0,4,0,0,0,0,2,0,3,6,3,2,7,5,3,0,1,0,0,0,1,1,0,0,0,1,0,1,0,2,0,65853.9036445
DFVLFDFPQPQRTTVNRPSSVPSNSAAPFKSLQSNTTSTN,2,1,-26.499999999999996,40,2,0,2,0,4,0,0,0,1,2,0,4,5,3,2,7,5,3,0,0,0,0,0,2,2,0,0,0,0,1,1,0,0,0,65847.39425019998
DFVCFDSPFPVRTTVNRPSSVPSNSAAPFGSLQSNTTSTL,4,0,-6.599999999999999,40,2,1,2,0,4,1,0,0,0,2,0,3,5,1,2,8,5,4,0,0,0,0,0,1,1,0,0,1,0,0,1,0,1,0,65820.80820180001
DFVLFDSDQPQRTTVVRPSSVPSNYAFPFGSLQSNTTATN,5,-1,-17.700000000000003,40,2,0,3,0,4,1,0,0,0,2,0,3,4,3,2,6,5,4,0,1,0,0,0,1,1,0,0,0,0,1,1,0,0,0,65806.9021146
DFVLFDFPQPQRTTVNRPSSVPSNSAAPFKSLQSNTTSTF,3,1,-20.199999999999996,40,2,0,2,0,5,0,0,0,1,2,0,3,5,3,2,7,5,3,0,0,0,0,0,2,2,0,0,0,0,1,1,0,0,0,65672.34922499998
DFVLFDSPQPQRTTVNRPSSVPSNSAAPFGSFQSNTTSRN,2,1,-31.4,40,2,0,2,0,4,1,0,0,0,1,0,4,5,3,3,8,4,3,0,0,0,0,0,1,1,0,0,0,0,0,2,0,1,0,65669.04544509998
DFVLFDSPQFQRTTVNSPSSVPSNSAAVFGSLDSNTTSTN,4,-2,-12.700000000000001,40,2,0,3,0,4,1,0,0,0,2,0,4,3,2,1,9,5,4,0,0,0,0,0,1,1,0,0,0,0,0,1,0,2,0,65624.64326710004
DFVLFDSPQPQRTTVIRPSSVPSLSALPFGSLQSNTTSTT,4,0,-6.500000000000002,40,1,0,2,0,3,1,0,1,0,4,0,1,5,3,2,8,6,3,0,0,0,0,0,1,1,0,0,0,0,0,1,0,1,0,65611.16426540003
DFVLFDSPQPQDCTVNRPSSVPSNSTAPFGSLQSNTTFTN,4,-2,-21.300000000000004,40,1,1,3,0,4,1,0,0,0,2,0,4,5,3,1,7,5,3,0,0,0,0,0,1,1,0,0,0,0,0,1,0,1,0,65571.69393619998
DFVLFDSPQPQRTTVNRPSSVFINSAAPFGSLQCDTTSTN,4,-1,-13.599999999999998,40,2,1,3,0,4,1,0,1,0,2,0,3,4,3,2,6,5,3,0,0,0,0,0,1,1,0,0,0,0,0,1,0,1,0,65535.326711
DFVLFDFPQPQRTTVNRNSSVPSNSAAPFGSLRSNTTSTN,3,1,-25.900000000000006,40,2,0,2,0,4,1,0,0,0,2,0,5,4,2,3,7,5,3,0,0,0,0,0,2,2,0,0,0,0,1,1,0,0,0,65530.48478689999
DFVLFDSPQPQRTTVNRPFSVPSNSAACFGSYQSDTVSTN,5,-1,-19.1,40,2,1,3,0,4,1,0,0,0,1,0,3,4,3,2,7,4,4,0,1,0,0,0,1,1,0,0,0,0,0,1,0,1,0,65521.20449450002
DFVLFDSPQPQVTTVNRPSSVPSNSYAPFCSLQSFTTSTN,4,-1,-11.800000000000002,40,1,1,2,0,4,0,0,0,0,2,0,3,5,3,1,8,5,4,0,1,0,0,0,1,1,0,0,0,0,0,1,1,1,0,65508.19425780002
DFVFFDFPQPQRTFVNRPSSVLSNSAAPFGSLQSNTTSTN,4,0,-15.1,40,2,0,2,0,6,1,0,0,0,2,0,4,4,3,2,7,4,3,0,0,0,0,0,2,2,0,0,1,1,2,1,0,0,0,65492.785634200016
DFVLFDSPQPQRTEVNRPSSVPSNSAFPFGALQSYTTSTQ,5,-1,-23.6,40,2,0,2,1,4,1,0,0,0,2,0,2,5,4,2,7,4,3,0,1,0,0,0,1,1,0,0,0,0,1,1,1,1,0,65470.3202867
DFVLFDSPQPQRWTVNLPSSVPSDSGAPFGVLQSNTTSTN,5,-2,-15.7,40,1,0,3,0,3,2,0,0,0,3,0,3,5,3,1,7,4,4,1,0,0,0,0,1,1,0,0,0,0,0,1,0,1,0,65466.50381659998
DFVLFDSPQPQRTTVNRPSSVPSNSFAPFGSLQSATTSTN,2,0,-20.3,40,2,0,2,0,4,1,0,0,0,2,0,3,5,3,2,8,5,3,0,0,0,0,0,1,1,0,0,0,0,0,2,0,1,0,65449.60962629999
DFVLFPSMQPQRTTVNRPSSVPSNSAAPFGSFQSNTTSTN,3,1,-22.200000000000003,40,2,0,1,0,4,1,0,0,0,1,1,4,5,3,2,8,5,3,0,0,0,0,0,1,1,0,0,0,0,0,2,0,0,0,65442.924619199985
DFVLFDSPFPQRTTVNRYDSVPSNSAAPFGSLQSNTTSWN,4,-1,-22.900000000000002,40,2,0,3,0,4,1,0,0,0,2,0,4,4,2,2,7,4,3,1,1,0,0,0,1,1,0,0,1,0,0,1,0,1,0,65425.85397819998
DFVLFDSPQPQRTTVNIPSSVPSHSAAPFGSLQSNTPSPV,5,-1,-11.399999999999999,40,2,0,2,0,3,1,1,1,0,2,0,2,7,3,1,8,3,4,0,0,0,0,0,1,1,0,0,0,0,0,1,0,2,0,65415.88214319998
DFVLFDSPQPCFTEVNRPSSVPSNSAAPFGWLQSFTTSTN,5,-2,-9.900000000000002,40,2,1,2,1,5,1,0,0,0,2,0,3,5,2,1,7,4,3,1,0,0,0,0,1,1,0,0,0,0,0,1,1,1,0,65354.590797500045
DFVLFDSPQPQRTTVNRPSFVPSCSAAPFGSLQSNTTSTL,3,0,-9.699999999999996,40,2,1,2,0,4,1,0,0,0,3,0,2,5,3,2,7,5,3,0,0,0,0,0,1,1,0,0,0,0,0,1,0,1,0,65353.6907294
DFVLFDSPSPQYTTVNRPSSVPSYSAADFGSLQSITTSTN,5,-2,-12.400000000000007,40,2,0,3,0,3,1,0,1,0,2,0,2,4,2,1,9,5,3,0,2,0,0,0,2,2,0,0,0,0,0,1,0,2,0,65345.18158625004
DFVLFDCPQPQRTAVNGPSSVPSNSAAPFPSFQSNTTSTN,5,-1,-18.900000000000002,40,3,1,2,0,4,1,0,0,0,1,0,4,6,3,1,7,4,3,0,0,0,0,0,1,1,0,0,0,0,0,2,0,0,0,65344.848987099984
DFVLFDSPQVQRTTPNRPSSVPSNSAAPFGSFQSNKTSTN,4,1,-30.799999999999997,40,2,0,2,0,4,1,0,0,1,1,0,4,5,3,2,8,4,3,0,0,0,0,0,1,1,0,0,0,0,0,2,0,1,0,65334.091060299994
YFELFDSFQPQRTTVNRPSSVPSNSAAPFGSLQSNTTSTN,3,0,-27.7,40,2,0,1,1,4,1,0,0,0,2,0,4,4,3,2,8,5,2,0,1,0,1,0,0,0,1,2,0,0,0,1,1,0,0,65321.672096099974
DFVLFDFPQPQRTTVNRPSNVPSNSAAPFGSLKSNTTSTN,3,1,-26.1,40,2,0,2,0,4,1,0,0,1,2,0,5,5,2,2,6,5,3,0,0,0,0,0,2,2,0,0,0,0,1,1,0,0,0,65310.489757599986
DFVLFDSPQPQRTTVNRPSSVPSNSAAPFGSFMSNTTSTN,2,0,-22.2,40,2,0,2,0,4,1,0,0,0,1,1,4,5,2,2,8,5,3,0,0,0,0,0,1,1,0,0,0,0,0,2,0,1,0,65301.94362869998
DFVLFDSPQPQRTTVMRPSSVHSFSAAPFGSLQSNTTSTT,5,0,-13.700000000000001,40,2,0,2,0,4,1,1,0,0,2,1,1,4,3,2,8,6,3,0,0,0,0,0,1,1,0,0,0,0,0,1,0,1,0,65226.6012173
DFVLFDSPQCQRTTVNRPSSVFSNSDAPFGVLQSNITSTN,5,-1,-13.2,40,1,1,3,0,4,1,0,1,0,2,0,4,3,3,2,7,4,4,0,0,0,0,0,1,1,0,0,1,0,0,1,0,1,0,65218.95502450001
DFVLFDLPQSQFMTVNRASSVPSNSAAPFGSLQSNTTSTN,5,-1,-7.900000000000001,40,3,0,2,0,4,1,0,0,0,3,1,4,3,3,1,8,4,3,0,0,0,0,0,1,1,1,0,0,0,0,1,0,0,0,65185.02150890003
DFVLFCSPQPQRTTVNRPSSVPSNSAAPFGSFQSNTTSTN,2,1,-21.600000000000005,40,2,1,1,0,4,1,0,0,0,1,0,4,5,3,2,8,5,3,0,0,0,0,0,1,1,0,0,0,0,0,2,0,1,0,65179.74849539998
DFVLFDSPQPQRTTVNGPSSVPSNSAAPFPSFQSNTTSTD,4,-2,-24.7,40,2,0,3,0,4,1,0,0,0,1,0,3,6,3,1,8,5,3,0,0,0,0,0,1,1,0,0,0,0,0,2,0,1,0,65125.17895589998
DFVLFDSPQPQRTTVNRKSSVPSNSAAPFGSFQSNTTSTN,2,1,-29.9,40,2,0,2,0,4,1,0,0,1,1,0,4,4,3,2,8,5,3,0,0,0,0,0,1,1,0,0,0,0,0,2,0,1,0,65076.28243019999
DFVLFDSPQPQRTTVIRPSSVPSNSAFPFGSLQSNTDSTN,3,-1,-20.4,40,1,0,3,0,4,1,0,1,0,2,0,3,5,3,2,8,4,3,0,0,0,0,0,1,1,0,0,0,0,1,1,0,1,0,65059.869176799984
DFVLMDSPQPQWTTVNRPSMVWSNSAAPFGSLQSNMTSTN,5,-1,-17.900000000000006,40,2,0,2,0,2,1,0,0,0,2,3,4,4,3,1,7,4,3,2,0,0,0,0,1,1,0,0,0,0,0,0,0,1,0,65049.45685560003
DFVFFDSPQPQRTIVNRPSSVPSNSAAPFGSLQSNYTSTN,3,0,-23.0,40,2,0,2,0,4,1,0,1,0,1,0,4,5,3,2,8,3,3,0,1,0,0,0,1,1,0,0,1,1,1,1,0,1,0,65042.591166599996
DFVLFDSPQPQRTTVNEPSSVPSNSAAPFGSFQSNTTSTN,2,-2,-26.6,40,2,0,2,1,4,1,0,0,0,1,0,4,5,3,1,8,5,3,0,0,0,0,0,1,1,0,0,0,0,0,2,0,1,0,64984.69266359998
DFVLFDSPQPQRTTVNRPSSVPSMSAAPFGSFQMNTTSTN,3,0,-19.5,40,2,0,2,0,4,1,0,0,0,1,2,3,5,3,2,7,5,3,0,0,0,0,0,1,1,0,0,0,0,0,2,0,1,0,64970.604102900026
DFVLFDSPQPDRTTVGRPSSVPSNSAAPFGILQSNTTSFN,4,-1,-14.7,40,2,0,3,0,4,2,0,1,0,2,0,3,5,2,2,7,4,3,0,0,0,0,0,1,1,0,0,0,0,0,1,0,1,0,64942.6605914
DFVLFDFPQGQRTTVNRPSSVASNSAAPFGSLQSNTTSQN,5,0,-21.2,40,3,0,2,0,4,2,0,0,0,2,0,4,3,4,2,7,4,3,0,0,0,0,0,2,2,0,0,0,0,1,1,0,0,0,64940.494493800004
DFVLFDFPQPQRTTQIRPSSVPSMSAAPFGSLQSNTTSTN,4,0,-17.300000000000004,40,2,0,2,0,4,1,0,1,0,2,1,2,5,4,2,7,5,2,0,0,0,0,0,2,2,0,0,0,0,1,1,0,0,0,64937.412612699976
DFVLFMSPQPQRTTVYRCSSVPSNSAAPFGSLQSNTCSPN,5,1,-12.6,40,2,2,1,0,3,1,0,0,0,2,1,3,5,3,2,8,3,3,0,1,0,0,0,1,1,0,0,0,0,0,1,0,2,0,64930.391967133364
DFVLFDFPQPQRTTVNRPSSVPSNSAAPFASLQSNTTSTN,2,0,-20.799999999999997,40,3,0,2,0,4,0,0,0,0,2,0,4,5,3,2,7,5,3,0,0,0,0,0,2,2,0,0,0,0,1,1,0,0,0,64912.94917519999
MFVLFDSPSPGRTTVNRPSSVPSNSAAPFGSLQSNTTSTN,3,1,-15.399999999999999,40,2,0,1,0,3,2,0,0,0,2,1,4,5,1,2,9,5,3,0,0,0,0,0,0,0,0,0,0,0,0,1,0,2,0,64907.64407290003
DFVLFPSPQPQRTTVNRPSSVPSNSAAPFGSFCSNTTSTN,3,1,-19.700000000000003,40,2,1,1,0,4,1,0,0,0,1,0,4,6,2,2,8,5,3,0,0,0,0,0,1,1,0,0,0,0,0,2,0,1,0,64907.08197809999
DFFLFDSPQPQSTTVNYPSSVQSNSAAKFGSLQSNTTSTN,5,-1,-25.3,40,2,0,2,0,4,1,0,0,1,2,0,4,3,4,0,9,5,2,0,1,0,0,0,1,1,0,1,0,1,1,1,0,1,0,64862.8405316
DFVLFASPQPQRTTVNRPSSVPSNSPAPFGSLQSNTTSTF,4,1,-18.400000000000006,40,2,0,1,0,4,1,0,0,0,2,0,3,6,3,2,8,5,3,0,0,0,0,0,1,1,0,0,0,0,0,1,0,2,0,64858.94102069999
DFVLFASPQPQRTTVNRPSSVPSNSPAPFGSLQSNTTSTF,5,1,-18.400000000000006,40,2,0,1,0,4,1,0,0,0,2,0,3,6,3,2,8,5,3,0,0,0,0,0,1,1,0,0,0,0,0,1,0,2,0,64858.94102069999
DFVLFDSPQPFRTTVNRPSDVPSNSACPFSCLQSNTTSTN,5,-1,-19.4,40,1,2,3,0,4,0,0,0,0,2,0,4,5,2,2,7,5,3,0,0,0,0,0,1,1,0,0,0,0,0,1,1,1,0,64831.71911009997
DFVNFDSPYPQRTTVNRPSSVPSNSAAPFFSLQSNTTSIN,4,0,-23.300000000000004,40,2,0,2,0,4,0,0,1,0,1,0,5,5,2,2,8,4,3,0,1,0,0,0,1,1,0,0,1,1,0,1,0,1,0,64720.10710759999
DFVLFDSPDPQDTTVNRPSSVPSNSAAPFGSLYSNTTSTN,4,-3,-23.400000000000002,40,2,0,4,0,3,1,0,0,0,2,0,4,5,1,1,8,5,3,0,1,0,1,0,1,1,0,0,0,0,0,1,0,1,0,64697.99198770004
DFVLFDSPQPQRTTVNPPFDVPGNSAAPFGSLQSNTTMTN,5,-2,-19.7,40,2,0,3,0,4,2,0,0,0,2,1,4,6,3,1,4,5,3,0,0,0,0,0,1,1,0,0,0,0,0,1,0,1,0,64677.5872978
DFVLFDIPQPQATTVGRPSIVPSNSAAPFGSLQSNTTSTN,4,-1,-6.600000000000002,40,3,0,2,0,3,2,0,2,0,2,0,3,5,3,1,6,5,3,0,0,0,0,0,1,1,0,0,0,0,0,1,0,0,0,64663.81535740003
GFVLFDSPQPQRTTVNSPSSVPSNSAEFFGSLQSNTTSTC,5,-1,-14.700000000000003,40,1,1,1,1,4,2,0,0,0,2,0,3,4,3,1,9,5,3,0,0,0,0,0,1,1,0,1,0,1,0,1,0,2,0,64604.24042140001
DFVLFDSPQLQFTTVNRPSSVPSNSAAPFGSLQSNTTSTD,5,-2,-13.9,40,2,0,3,0,4,1,0,0,0,3,0,3,4,3,1,8,5,3,0,0,0,0,0,1,1,0,0,0,0,0,1,0,1,0,64590.19830270001
DFVLFCSPFPQRTTVNRPSSVPVNSAAMFGSLQSDTTSTN,5,0,-5.800000000000001,40,2,1,2,0,4,1,0,0,0,2,1,3,4,2,2,7,5,4,0,0,0,0,0,1,1,0,0,0,0,0,1,0,1,0,64579.8834941
DFVLFDSPDPQRTTVCRPMSVPSNSASPFGSLQSNCTSTN,5,-1,-17.3,40,1,2,3,0,3,1,0,0,0,2,1,3,5,2,2,8,4,3,0,0,0,0,0,1,1,0,0,0,0,0,1,0,2,0,64575.28530410002
DFVLFDSPQPQPTTVNRPSSVPSNSAAEFSSLQSPTTSTN,4,-2,-24.1,40,2,0,2,1,3,0,0,0,0,2,0,3,6,3,1,9,5,3,0,0,0,0,0,2,2,0,0,0,0,0,1,0,2,0,64567.679467899965
DFVLFDSNQPQRTTVNRWSSVPSPSAFPFGSLQSNTTSTN,4,0,-24.900000000000002,40,1,0,2,0,4,1,0,0,0,2,0,4,4,3,2,8,5,3,1,0,0,0,0,1,1,0,0,0,0,1,1,0,1,0,64551.86287170001
DFVLFDKPHPQRTTVNRPSSVPSNSAAPFGSFQSNTTSTN,3,1,-30.400000000000002,40,2,0,2,0,4,1,1,0,1,1,0,4,5,2,2,7,5,3,0,0,0,0,0,1,1,0,0,0,0,0,2,0,0,0,64545.64504849998
DFVLFDSPQPQLTTVNRPSLVPSNSAAPFGSLQSGTTSTN,4,-1,-10.600000000000003,40,2,0,2,0,3,2,0,0,0,4,0,3,5,3,1,7,5,3,0,0,0,0,0,1,1,0,0,0,0,0,1,0,1,0,64493.80269220002
DFVLFDWPQPQRTTVNSPSSVQSNSAAPFGSLQSNTTSTN,3,-1,-24.900000000000002,40,2,0,2,0,3,1,0,0,0,2,0,4,4,4,1,8,5,3,1,0,0,0,0,2,2,0,0,0,0,0,1,0,1,0,64479.09554969994
DFVLFDSPQPQRWTVTLPSSVPSDSGAPFGSLQSNTTSTN,5,-2,-17.900000000000002,40,1,0,3,0,3,2,0,0,0,3,0,2,5,3,1,8,5,3,1,0,0,0,0,1,1,0,0,0,0,0,1,0,1,0,64467.932121849975
DFVLFDSPLPFRTTLNRFSSVPSNSAAPFWSLQSNTTSTN,5,0,-9.500000000000004,40,2,0,2,0,5,0,0,0,0,4,0,4,4,1,2,8,5,2,1,0,0,0,0,1,1,0,0,0,0,0,1,1,1,0,64447.483942399995
DFVLFDSPQPQRTTVNRPSSVPSNSAAPFGSFQSNTWSTV,3,0,-20.099999999999998,40,2,0,2,0,4,1,0,0,0,1,0,3,5,3,2,8,4,4,1,0,0,0,0,1,1,0,0,0,0,0,2,0,1,0,64445.72049029997
DFVLFDSPQPQLTTVNRPSLVPSNSAAPFGSLQSTTTSTN,5,-1,-10.900000000000002,40,2,0,2,0,3,1,0,0,0,4,0,3,5,3,1,7,6,3,0,0,0,0,0,1,1,0,0,0,0,0,1,0,1,0,64397.80404800001
DFVLFDSPQFQRTTVNRPSSVPSNSMAPFYSLQSNTTSTG,5,0,-19.900000000000002,40,1,0,2,0,4,1,0,0,0,2,1,3,4,3,2,8,5,3,0,1,0,0,0,1,1,0,0,0,0,0,1,0,1,0,64390.350169599995
DFVLFDSPQPQITTFNAPSSVPSNSAAPFGSLQSNTTSTN,4,-2,-12.700000000000001,40,3,0,2,0,4,1,0,1,0,2,0,4,5,3,0,8,5,2,0,0,0,0,0,1,1,0,0,0,0,0,1,0,1,0,64386.49879350004
DFVLFDSPQPQRTTVNSPSSVPSNSMAPFGSLQSNTTSIN,3,-1,-17.599999999999998,40,1,0,2,0,3,1,0,1,0,2,1,4,5,3,1,9,4,3,0,0,0,0,0,1,1,0,0,0,0,0,1,0,2,0,64358.67038760002
DFVLFDSPQPQLTTVNRPSDVPSNSAAPFGSLQSGTTSTI,4,-2,-9.900000000000004,40,2,0,3,0,3,2,0,1,0,3,0,2,5,3,1,7,5,3,0,0,0,0,0,1,1,0,0,0,0,0,1,0,1,0,64328.632028900014
DFVLFDSPQFRNTTVNRPSYVPSNSAAPFWSLQSNTTSTN,5,0,-23.200000000000003,40,2,0,2,0,4,0,0,0,0,2,0,5,4,2,2,7,5,3,1,1,0,0,0,1,1,0,0,0,0,0,1,0,1,0,64302.1524725
DFVLFDSPSPQRTTVNAPYSVPSNSAAPFCSLQSNTWSTN,5,-1,-15.400000000000004,40,3,1,2,0,3,0,0,0,0,2,0,4,5,2,1,8,4,3,1,1,0,0,0,1,1,0,0,0,0,0,1,0,2,0,64290.027338199994
DFVLFDSPQPQRTTVNRPFSVPSNSAYPFGSLDSNTTSTN,3,-1,-26.1,40,1,0,3,0,4,1,0,0,0,2,0,4,5,2,2,7,5,3,0,1,0,0,0,1,1,0,0,0,0,0,1,0,1,0,64274.40698269997
DFVLFCSPFPQRTTVNRPSWVPSNSAAMFGSLQSDTTSTN,5,0,-10.900000000000002,40,2,1,2,0,4,1,0,0,0,2,1,3,4,2,2,7,5,3,1,0,0,0,0,1,1,0,0,0,0,0,1,0,1,0,64182.84286739997
DFVLFDSYQPQRTTVNDPSSVPSNSAAVFCSLISNTTSTN,5,-2,-8.599999999999996,40,2,1,3,0,3,0,0,1,0,2,0,4,3,2,1,8,5,4,0,1,0,0,0,1,1,0,1,0,0,0,1,1,0,0,64160.18597897997
DFVLFDSMQPQRTTVNRPFSVPSCSAAPFGSLQSNTVSTN,5,0,-8.600000000000005,40,2,1,2,0,4,1,0,0,0,2,1,3,4,3,2,7,4,4,0,0,0,0,0,1,1,0,0,0,0,0,1,0,0,0,64123.9719038
DFVLFDFPQNQRTTLNRPCSVPSNSAAPFGSLQSNTTSTG,5,0,-18.9,40,2,1,2,0,4,2,0,0,0,3,0,4,4,3,2,6,5,2,0,0,0,0,0,2,2,0,0,0,0,1,1,0,0,0,64122.47305816668
DFVEFDSPQPARTTVNMPSSVPSNSAAYFGSLQSNTTQTN,5,-2,-24.600000000000005,40,3,0,2,1,3,1,0,0,0,1,1,4,4,3,1,7,5,3,0,1,0,0,0,2,2,0,0,0,0,0,1,0,1,0,64101.88974589996
DFFLFDSPQPQRTTVNRPSSVPYNSAAAFGSLQSETTSTN,5,-1,-25.100000000000005,40,3,0,2,1,4,1,0,0,0,2,0,3,4,3,2,7,5,2,0,1,0,0,0,1,1,0,1,0,1,1,1,1,1,0,64093.16657829999
QFVLFDSPSPQRITVNRMSSVPSNSAAPFGSLQSNTTSTN,4,1,-15.2,40,2,0,1,0,3,1,0,1,0,2,1,4,4,3,2,9,4,3,0,0,0,0,0,0,0,0,0,0,0,0,1,0,2,0,64074.608962600054
DFVLFDSPQPQRTLVASPSSVPSNSAAPFGSLQSNTTSTN,3,-1,-13.100000000000001,40,3,0,2,0,3,1,0,0,0,3,0,3,5,3,1,9,4,3,0,0,0,0,0,1,1,0,0,0,0,0,1,0,2,0,64047.570855300015
DFVLFDMFQPQRTTVNRPSSVPSNSAAEFGSLQSNTTSTN,3,-1,-21.400000000000002,40,2,0,2,1,4,1,0,0,0,2,1,4,3,3,2,7,5,3,0,0,0,0,0,2,2,0,1,0,0,0,1,1,0,0,64011.89229439998
DFVLFDSPQPQITTVNRPISVPSNVAAPFGSLHSNTTSTN,4,-1,-7.0,40,2,0,2,0,3,1,1,2,0,2,0,4,5,2,1,6,5,4,0,0,0,0,0,1,1,0,0,0,0,0,1,0,1,0,64004.90105580001
DFVLFDSPQPQRTTVIRPSYVPSLSALPFGSLQSNTTSTT,5,0,-7.000000000000003,40,1,0,2,0,3,1,0,1,0,4,0,1,5,3,2,7,6,3,0,1,0,0,0,1,1,0,0,0,0,0,1,0,1,0,63977.922390600026
DFVLFDSPQPQRTTVNRPSSVPSNCTFPFGSLQSNTTSTL,5,0,-17.5,40,0,1,2,0,4,1,0,0,0,3,0,3,5,3,2,7,6,3,0,0,0,0,0,1,1,0,0,0,0,1,1,0,1,0,63955.894470999985
DFVLFDSPQVQRTTVNRPSSVPSMSAADFGSLQSNTTSNN,4,-1,-20.1,40,2,0,3,0,3,1,0,0,0,2,1,4,3,3,2,8,4,4,0,0,0,0,0,2,2,0,0,0,0,0,1,0,1,0,63933.88029749994
DFVLFDSPQQQETPVNRPSSVPSNSAAPFGSFQSNTTSTN,5,-2,-29.400000000000002,40,2,0,2,1,4,1,0,0,0,1,0,4,5,4,1,8,4,3,0,0,0,0,0,1,1,0,0,0,0,0,2,0,1,0,63907.81988939998
DFVNFDSPYPQRTTVNRPSSVPSNPAAPFFSLQSNTTSIN,5,0,-24.100000000000005,40,2,0,2,0,4,0,0,1,0,1,0,5,6,2,2,7,4,3,0,1,0,0,0,1,1,0,0,1,1,0,1,0,1,0,63881.174676500006
DFVLFDSPQPFRTTVNSPSSVHSNSAACFGSLQSNTTSTN,4,-1,-14.100000000000001,40,2,1,2,0,4,1,1,0,0,2,0,4,3,2,1,9,5,3,0,0,0,0,0,1,1,0,0,0,0,0,1,1,2,0,63874.890515800005
DFVLFDSPLPARTTDNRPSSVPSNFAAPFGSLQSNTTSTN,4,-1,-18.1,40,3,0,3,0,4,1,0,0,0,3,0,4,5,1,2,7,5,2,0,0,0,0,0,1,1,0,0,0,0,0,1,0,1,0,63840.44170930001
DFVLFISPQPQRTTVNTLSSVPSNVAAPFGSLQSNTTSTN,4,0,-4.400000000000002,40,2,0,1,0,3,1,0,1,0,3,0,4,4,3,1,7,6,4,0,0,0,0,0,1,1,0,0,0,0,0,1,0,1,0,63824.35839810003
DFVLFDSPQPQLTTVNRPDSVPSNSAAYFGSLQSNWASTN,5,-2,-18.400000000000006,40,3,0,3,0,3,1,0,0,0,3,0,4,4,3,1,7,3,3,1,1,0,0,0,1,1,0,0,0,0,0,1,0,1,0,63796.23288054995
DFVLFDSPQPQRTTVCRPSPVPSDSAAPFGSLQSNTTSTC,4,-1,-15.399999999999999,40,2,2,3,0,3,1,0,0,0,2,0,1,6,3,2,7,5,3,0,0,0,0,0,1,1,0,0,0,0,0,1,0,2,0,63781.496095400005
DFVLFDSPQFRRTTVNRPSSVPNNSAAPFWSLQSNTTSTY,5,1,-24.200000000000003,40,2,0,2,0,4,0,0,0,0,2,0,4,4,2,3,7,5,3,1,1,0,0,0,1,1,0,0,0,0,0,1,0,1,0,63768.3443298
DFVLFDSPQFRRTTVNRPSYVPSNSAAPFWSLQSNTTSTN,4,1,-24.200000000000003,40,2,0,2,0,4,0,0,0,0,2,0,4,4,2,3,7,5,3,1,1,0,0,0,1,1,0,0,0,0,0,1,0,1,0,63768.3443298
DFVLFDSPVPQVTTVNRPSSPPSNSAAPFGSLQSNTTSNN,5,-1,-18.800000000000004,40,2,0,2,0,3,1,0,0,0,2,0,5,6,2,1,8,4,4,0,0,0,0,0,1,1,0,0,0,0,0,1,0,2,0,63757.967006600025
DFDLFDSPQIQRTTVNRPSSVPSNSAAPFGFLQSNCTSTN,4,-1,-21.400000000000002,40,2,1,3,0,4,1,0,1,0,2,0,4,4,3,2,7,4,2,0,0,0,0,0,1,1,1,1,0,0,1,1,0,1,0,63737.6185396
DFVLFDSPSPQVTTVNRPSSVPSNQAAPFGSMQSNTTSVN,5,-1,-14.900000000000002,40,2,0,2,0,3,1,0,0,0,1,1,4,5,3,1,8,4,5,0,0,0,0,0,1,1,0,0,0,0,0,1,0,2,0,63734.41179070002
DFVLFDSPQPQRTTVNRPSSVPSPSAFPFGSLGSNTTSEN,4,-1,-23.4,40,1,0,2,1,4,2,0,0,0,2,0,3,6,2,2,8,4,3,0,0,0,0,0,1,1,0,0,0,0,1,1,0,2,0,63731.131851299986
DFVLFPSPQPQFTTVNRPSSVPSNSPAPFGSLQSNTTSTN,3,0,-20.8,40,1,0,1,0,4,1,0,0,0,2,0,4,7,3,1,8,5,3,0,0,0,0,0,1,1,0,0,0,0,0,1,0,2,0,63701.382296
DFVLFDSPDPQRFTVNRPMSVPSNSAAPFGSLQSNCTSTN,4,-1,-17.200000000000003,40,2,1,3,0,4,1,0,0,0,2,1,4,5,2,2,7,3,3,0,0,0,0,0,1,1,0,0,0,0,0,1,0,1,0,63699.477878599995
DFVLFCSPFPQRTTVNRPSSVPSNSAAMFGSLQSDTTSTN,4,0,-10.8,40,2,1,2,0,4,1,0,0,0,2,1,3,4,2,2,8,5,3,0,0,0,0,0,1,1,0,0,0,0,0,1,0,1,0,63694.12182490001
DFVLFDSPCPQRTTVNRISSVPSYSVAPFGSLQSNTTSTT,5,0,-7.100000000000001,40,1,1,2,0,3,1,0,1,0,2,0,2,4,2,2,8,6,4,0,1,0,0,0,1,1,0,0,0,0,0,1,0,1,0,63676.00051220001
DFVLFDSPQPQRTTVDGPSSVPSNSAAPFPSLNSNTTFTN,5,-2,-20.099999999999998,40,2,0,3,0,4,1,0,0,0,2,0,4,6,2,1,7,5,3,0,0,0,0,0,1,1,0,0,0,0,0,1,0,1,0,63670.01041850001
DFVLFDYPQPDPTTINRPSSVPSNSVAPFGSLQSNTTSTN,5,-2,-21.500000000000007,40,1,0,3,0,3,1,0,1,0,2,0,4,6,2,1,7,5,3,0,1,0,0,0,2,1,0,0,0,0,0,1,0,0,0,63657.09132599996
DFVLFDSPFPQLTTVNRPSSVPSNSAAPFGSLQSNTTSTN,3,-1,-12.000000000000002,40,2,0,2,0,4,1,0,0,0,3,0,4,5,2,1,8,5,3,0,0,0,0,0,1,1,0,0,1,0,0,1,0,1,0,63612.24033510001
DFVLFDSPQPQRTTVNSPSSVPSNIAAPFGSHQSITTSTN,4,-1,-16.599999999999998,40,2,0,2,0,3,1,1,2,0,1,0,3,5,3,1,8,5,3,0,0,0,0,0,1,1,0,0,0,0,0,1,0,2,0,63611.49942605002
DFVLFDSPQPQRTTVNFPSSVPSNSAAPFGSLQSDSTSTN,4,-2,-19.400000000000002,40,2,0,3,0,4,1,0,0,0,2,0,3,5,3,1,9,4,3,0,0,0,0,0,1,1,0,0,0,0,0,1,0,1,0,63602.034472700005
DFVLFDSPQPQRTTVNFPSSVPSNSAAPFGSLQSDSTSTN,3,-2,-19.400000000000002,40,2,0,3,0,4,1,0,0,0,2,0,3,5,3,1,9,4,3,0,0,0,0,0,1,1,0,0,0,0,0,1,0,1,0,63602.034472700005
DFVLFDSPQPQRFTVNRPSSVPSNSAAPFGSLQYNQTSTW,5,0,-23.8,40,2,0,2,0,4,1,0,0,0,2,0,3,5,4,2,7,3,3,1,1,0,0,0,1,1,0,0,0,0,0,1,0,1,0,63592.725569600014
DFVLFDSPFPQRTTVIRPSSVPSNSAAPFGSLQTNTTSTN,3,0,-12.200000000000003,40,2,0,2,0,4,1,0,1,0,2,0,3,5,2,2,7,6,3,0,0,0,0,0,1,1,0,0,1,0,0,1,0,1,0,63561.55467350002
DFVLFDSPQPQLTTVNRPSSVPSPSAAPFGNLQSQTTSTN,5,-1,-19.1,40,2,0,2,0,3,1,0,0,0,3,0,3,6,4,1,7,5,3,0,0,0,0,0,1,1,0,0,0,0,0,1,0,2,0,63542.30415890002
DFVLFDSDQPQRTTVVRPSSVPSNSAFPFGSLQSNTTATN,4,-1,-17.200000000000003,40,2,0,3,0,4,1,0,0,0,2,0,3,4,3,2,7,5,4,0,0,0,0,0,1,1,0,0,0,0,1,1,0,0,0,63538.2916251
DFVLFDSPQPQRTTVNRPSSVPSWSAFPFGSMQSNTTSTN,3,0,-24.9,40,1,0,2,0,4,1,0,0,0,1,1,3,5,3,2,8,5,3,1,0,0,0,0,1,1,0,0,0,0,1,1,0,1,0,63526.758496000024
DFVSFDYPQPQRTTVNIPSMVPSNSAAPFGSLQSNTTSTN,4,-1,-20.0,40,2,0,2,0,3,1,0,1,0,1,1,4,5,3,1,7,5,3,0,1,0,0,0,2,1,0,0,0,0,0,1,0,0,0,63516.12719009996
DFVLFDSPFTQRTTVCRPSSVLSNSAAPFGSLQSNTTSTR,5,1,-9.000000000000002,40,2,1,2,0,4,1,0,0,0,3,0,2,3,2,3,8,6,3,0,0,0,0,0,1,1,0,0,1,0,0,1,0,1,0,63504.423160100014
DFVFFDSPQPQITTVRRPSSVPILSAAPFGSLQSNTTSTN,5,0,-7.000000000000003,40,2,0,2,0,4,1,0,2,0,2,0,2,5,3,2,7,5,3,0,0,0,0,0,1,1,0,0,1,1,1,1,0,1,0,63494.494522400026
DFRLFDSPQPVRTTVNRPSSVPSNSPAPFGSLWSNTFSTN,5,1,-24.9,40,1,0,2,0,4,1,0,0,0,2,0,4,6,1,3,8,4,3,1,0,0,1,1,1,1,0,0,0,0,0,1,0,2,0,63484.4123698
DFVLFDSPQPQRITVFRPSSVPSCSAAPFGSLQSNTTSTN,3,0,-9.100000000000001,40,2,1,2,0,4,1,0,1,0,2,0,2,5,3,2,8,4,3,0,0,0,0,0,1,1,0,0,0,0,0,1,0,1,0,63475.339452
DFVLFDSPQPQRTTVARPSSVPSWSAAPFISLQSNTTFTN,5,0,-10.2,40,3,0,2,0,4,0,0,1,0,2,0,2,5,3,2,7,5,3,1,0,0,0,0,1,1,0,0,0,0,0,1,0,1,0,63471.80647939999
DFVIFCSPQPQRTTVNRPFSVPSISAAPFGSLQSNTTSTN,4,1,-8.3,40,2,1,1,0,4,1,0,2,0,1,0,3,5,3,2,7,5,3,0,0,0,0,0,1,1,0,0,0,0,0,1,0,1,0,63470.501776599995
DFVLFDSPQPQRTTVNRPSSVPSNSAAPFFSPQSNTTSTL,4,0,-21.5,40,2,0,2,0,4,0,0,0,0,2,0,3,6,3,2,8,5,3,0,0,0,0,0,1,1,0,0,0,1,0,1,0,2,0,63468.04091820001
DFVLFDSPQPQMTTVNRPSSVPSNSAAPFGSLQSPTTSTN,2,-1,-18.300000000000004,40,2,0,2,0,3,1,0,0,0,2,1,3,6,3,1,8,5,3,0,0,0,0,0,1,1,0,0,0,0,0,1,0,2,0,63462.64792815001
DFVLFDIPQPDRTTVNRPSSVPMNSAAPFGSLQSMTTSTM,5,-1,-7.800000000000001,40,2,0,3,0,3,1,0,1,0,2,3,2,5,2,2,6,5,3,0,0,0,0,0,1,1,0,0,0,0,0,1,0,0,0,63458.50456300001
DFVLFDWWQPQRTIVNRPSSVPSNSAAPFGSLQSNTTSTN,3,0,-20.800000000000004,40,2,0,2,0,3,1,0,1,0,2,0,4,4,3,2,7,4,3,2,0,0,1,1,2,2,0,1,0,0,0,1,0,0,0,63434.65420049999
DFVLFDSPQLATTSVNRFSSVPSNSAAPFGSLQSNTTSTN,5,-1,-7.800000000000001,40,3,0,2,0,4,1,0,0,0,3,0,4,3,2,1,9,5,3,0,0,0,0,0,1,1,0,0,0,0,0,1,0,1,0,63431.786971000045
YFELFDSFQPQRTTVNRPSSLPSNSAAPFGSLQSNTTSTN,4,0,-28.1,40,2,0,1,1,4,1,0,0,0,3,0,4,4,3,2,8,5,1,0,1,0,1,0,0,0,1,2,0,0,0,1,1,0,0,63429.82852229999
DFVLFDSPQPQITTVNRPINVPSISAAPFGSLHSNTTSTN,5,-1,-6.700000000000001,40,2,0,2,0,3,1,1,3,0,2,0,4,5,2,1,6,5,3,0,0,0,0,0,1,1,0,0,0,0,0,1,0,1,0,63424.12041360002
DFVLFDSPQPQRTTVNRPSSVPLNSADVFGSLQSNTTFAN,5,-1,-15.399999999999999,40,2,0,3,0,4,1,0,0,0,3,0,4,4,3,2,6,4,4,0,0,0,0,0,1,1,0,1,0,0,0,1,0,1,0,63420.686302700014
DFVLFDSSQPQRTTVYRPDSVPSNSAAPFGSLFSNTTSTN,5,-1,-19.999999999999996,40,2,0,3,0,4,1,0,0,0,2,0,3,4,2,2,8,5,3,0,1,0,1,1,1,1,0,0,0,0,0,1,0,0,0,63409.42602829998
DFVFFDFPQPQRTTVNRPSSVLSNSAAPFGSLQSNTTSTN,3,0,-18.599999999999998,40,2,0,2,0,5,1,0,0,0,2,0,4,4,3,2,7,5,3,0,0,0,0,0,2,2,0,0,1,1,2,1,0,0,0,63408.01793266663
DFVLFDSPQPQGTTVNRPSSVFSNSDAPFGSLQSNWTSTN,4,-2,-23.6,40,1,0,3,0,4,2,0,0,0,2,0,4,4,3,1,8,4,3,1,0,0,0,0,1,1,0,0,1,0,0,1,0,1,0,63399.57956189999
DFVLFDSPSPQRITVNRMSSVPSNSAAPFGSLQSNTTSTN,3,0,-15.2,40,2,0,2,0,3,1,0,1,0,2,1,4,4,2,2,9,4,3,0,0,0,0,0,1,1,0,0,0,0,0,1,0,2,0,63387.27303240004
DFVLFDSPSPQRITVNRMSSVPSNSAAPFGSLQSNTTSTN,4,0,-15.2,40,2,0,2,0,3,1,0,1,0,2,1,4,4,2,2,9,4,3,0,0,0,0,0,1,1,0,0,0,0,0,1,0,2,0,63387.27303240004
DFVLFDSPQPQGTTVFRPDSVPSNSAAPFGSLQSNTTSTN,5,-2,-18.9,40,2,0,3,0,4,2,0,0,0,2,0,3,5,3,1,7,5,3,0,0,0,0,0,1,1,0,0,0,0,0,1,0,1,0,63377.55186390001
DFVLFDSPVPQRTTVIRPSSVPSLSALPFGSLQSNTTSTN,4,0,-1.600000000000003,40,1,0,2,0,3,1,0,1,0,4,0,2,5,2,2,8,5,4,0,0,0,0,0,1,1,0,0,0,0,0,1,0,1,0,63373.6738924
DFVLFDSPQPQRTTVNRWSSVPSNSAEFFGSLQPNTTSTN,4,-1,-27.599999999999994,40,1,0,2,1,4,1,0,0,0,2,0,4,4,3,2,7,5,3,1,0,0,0,0,2,2,0,1,0,1,0,1,0,1,0,63361.89915339998
DFVLFDSPQPQRTTVASPSSVPSNSAAPFGELQSNTTMTN,5,-2,-17.6,40,3,0,2,1,3,1,0,0,0,2,1,3,5,3,1,7,5,3,0,0,0,0,0,1,1,1,0,0,0,0,1,0,2,0,63329.296169399975
DFVLFDSPQPQRTTVFRQSSVPSCSAAPFGSLQSNTTSTN,3,0,-16.2,40,2,1,2,0,4,1,0,0,0,2,0,2,4,4,2,8,5,3,0,0,0,0,0,1,1,0,0,0,0,0,1,0,1,0,63310.69445520001
DFVLFDSPQPQRTTVTRPSSVPSNSAAPFGSFQSNTFSTK,4,1,-21.700000000000003,40,2,0,2,0,5,1,0,0,1,1,0,2,5,3,2,8,5,3,0,0,0,0,0,1,1,0,0,0,0,0,2,0,1,0,63296.366257199996
DFFLFDSPQPQRTTVFRPSPVPSNSAAPFGSLQSNTTSTN,3,0,-22.5,40,2,0,2,0,5,1,0,0,0,2,0,3,6,3,2,7,5,2,0,0,0,0,0,1,1,0,1,0,1,1,1,0,2,0,63291.47198290001
DFVLFDSPQGKYTTVNIPFSVPSNSAAPFGSLQSNTTSTN,5,-1,-10.000000000000002,40,2,0,2,0,4,2,0,1,1,2,0,4,4,2,0,7,5,3,0,1,0,0,0,1,1,0,0,0,0,0,1,0,1,0,63274.01643060001
DFVLFDSPQPQRTTVNRPFSVPSNYAAPFTSLQSNTTSTN,3,0,-23.799999999999997,40,2,0,2,0,4,0,0,0,0,2,0,4,5,3,2,6,6,3,0,1,0,0,0,1,1,0,0,0,0,0,1,1,1,0,63260.491346799994
DFVLFDSPSPQRTVVNRPSVVPSDSAAPFGSLQSNTTSTN,5,-1,-14.000000000000002,40,2,0,3,0,3,1,0,0,0,2,0,3,5,2,2,8,4,5,0,0,0,0,0,1,1,0,0,0,0,0,1,0,2,0,63258.25666450002
DFVLFDSPYPQRTTVNRPSTVPSNSAAPFGSLFSNTTSTN,3,0,-18.000000000000004,40,2,0,2,0,4,1,0,0,0,2,0,4,5,1,2,7,6,3,0,1,0,1,1,1,1,0,0,1,0,0,1,0,1,0,63238.39579949998
DFVLFDSPQLQRTTVNRPSSYPSNSAAEFGSLQTNTTSIN,5,-1,-23.299999999999997,40,2,0,2,1,3,1,0,1,0,3,0,4,3,3,2,7,5,2,0,1,0,0,0,2,2,0,0,0,0,0,1,0,1,0,63223.315003599964
DFVLFFSPQPQRTTTNRPSSVPSNSAVPFGSLQSNTTSTN,4,1,-22.800000000000004,40,1,0,1,0,4,1,0,0,0,2,0,4,5,3,2,8,6,3,0,0,0,1,1,1,1,0,0,0,1,0,1,0,1,0,63219.69643359998
DFVLFDSPQPQRTTVNRTSSVPSNFAAPFDSLQSNTCSTN,5,-1,-22.0,40,2,1,3,0,4,0,0,0,0,2,0,4,4,3,2,7,5,3,0,0,0,0,0,1,1,0,0,0,0,0,1,0,1,0,63198.5995591
DFFLFDSPQYQRTTVNEPSSVVSNSAAPFGSLQSNTTSTN,4,-2,-20.900000000000002,40,2,0,2,1,4,1,0,0,0,2,0,4,3,3,1,8,5,3,0,1,0,0,0,1,1,0,1,0,1,1,1,0,1,0,63193.547116199996
DFVLFDSPQPQRTTVNRPSSVPSMSAAPFISFQMNTTSTN,4,0,-14.599999999999996,40,2,0,2,0,4,0,0,1,0,1,2,3,5,3,2,7,5,3,0,0,0,0,0,1,1,0,0,0,0,0,2,0,1,0,63153.16340590001
DFELFDSPQPFRTTVNSPSSVPSNSAAPFGSLQSNCNSTN,5,-2,-23.900000000000006,40,2,1,2,1,4,1,0,0,0,2,0,5,5,2,1,9,3,2,0,0,0,0,0,1,1,1,1,0,0,0,1,1,2,0,63143.29169539998
DFVLFDWPQPQRTTVNRPSSVPSNSAAPFCSLQSNTYSTN,3,0,-24.400000000000002,40,2,1,2,0,3,0,0,0,0,2,0,4,5,3,2,7,4,3,1,1,0,0,0,2,2,0,0,0,0,0,1,0,0,0,63138.8678027
DFVLFDSPQPQRTTVNRPSSVPSPSAFPFGSLQSNTTSWN,3,0,-23.9,40,1,0,2,0,4,1,0,0,0,2,0,3,6,3,2,8,4,3,1,0,0,0,0,1,1,0,0,0,0,1,1,0,2,0,63126.627948600006
DFVLFDSPQPQRTTVNRPSSVPSNSAFPFGSLQSNTTSTQ,2,0,-25.6,40,1,0,2,0,4,1,0,0,0,2,0,3,5,4,2,8,5,3,0,0,0,0,0,1,1,0,0,0,0,1,1,0,1,0,63059.99626200001
DFVLFDDPQPARTTVNGPSSVPLNSAAPFGELQSNTTSTN,5,-3,-18.000000000000004,40,3,0,3,1,3,2,0,0,0,3,0,4,5,2,1,5,5,3,0,0,0,0,0,1,1,1,0,0,0,0,1,0,0,0,63045.400030173354
DFVLFDSPQPQRTTVNGPSSVPSNSAAPFPSFQSQTTSTD,5,-2,-24.7,40,2,0,3,0,4,1,0,0,0,1,0,2,6,4,1,8,5,3,0,0,0,0,0,1,1,0,0,0,0,0,2,0,1,0,63044.0949275
DFVLFSSPQPQRTTVNVLYSVPSNSAAPFGSLQSFTTSTN,5,0,-4.000000000000002,40,2,0,1,0,4,1,0,0,0,3,0,3,4,3,1,8,5,4,0,1,0,0,0,1,1,0,0,0,0,0,1,1,1,0,63013.94978090001
DFVLFDSPQPQSTTVNRPSSVPSNSATPFFSLQSNTTSTN,4,-1,-22.2,40,1,0,2,0,4,0,0,0,0,2,0,4,5,3,1,9,6,3,0,0,0,0,0,1,1,0,0,0,1,0,1,0,1,0,63001.11719349998
DFVLFDWPQPYRTYVNRPSSVPSNSAAPFGSLQSNTTSTN,3,0,-25.1,40,2,0,2,0,3,1,0,0,0,2,0,4,5,2,2,7,4,3,1,2,0,0,0,2,2,0,0,0,0,0,1,1,0,0,62990.17700589998
DFVLFDSPQPFRTTVNILSSVPSNSAATFKSLQSNTTSTN,5,0,-8.5,40,2,0,2,0,4,0,0,1,1,3,0,4,3,2,1,8,6,3,0,0,0,0,0,1,1,0,0,0,0,0,1,1,1,0,62974.55772299999
DFVSFDYPQPQWTTVNIPSMVPSNSAAPFGSLQSNTTSTN,5,-2,-16.4,40,2,0,2,0,3,1,0,1,0,1,1,4,5,3,0,7,5,3,1,1,0,0,0,2,1,0,0,0,0,0,1,0,0,0,62957.87607869998
DFVLFDSPQPQRTTVWFPSSVPSNSAAPFGSLQGWTTSTN,4,-1,-13.7,40,2,0,2,0,4,2,0,0,0,2,0,2,5,3,1,7,5,3,2,0,0,0,0,1,1,0,0,0,0,0,1,0,1,0,62913.7340093
DFVLFDSPQPQRTTVNRPSLVPSNTAAPFGSLQSPTTSTN,3,0,-19.999999999999996,40,2,0,2,0,3,1,0,0,0,3,0,3,6,3,2,6,6,3,0,0,0,0,0,1,1,0,0,0,0,0,1,0,2,0,62876.254677300014
DFVLFCSPFPQRTTVNQPSSVPSNSAAPFGSLQSNVTSTM,5,0,-3.0000000000000004,40,2,1,1,0,4,1,0,0,0,2,1,3,5,3,1,8,4,4,0,0,0,0,0,1,1,0,0,0,0,0,1,0,1,0,62867.70135950002
DFVLFDSPQPQRTVVNFPSSVPSNSAAPFGSFQYNTTSTN,4,-1,-15.899999999999999,40,2,0,2,0,5,1,0,0,0,1,0,4,5,3,1,7,4,4,0,1,0,0,0,1,1,0,0,0,0,0,2,0,1,0,62849.3435861
DFVLFDSPYPQRTTVNRPSTVPSNSAAPFGSLFSATTSTN,4,0,-12.700000000000005,40,3,0,2,0,4,1,0,0,0,2,0,3,5,1,2,7,6,3,0,1,0,1,1,1,1,0,0,1,0,0,1,0,1,0,62848.0686519
DFVLFDSPLPQRTTVNRPSSVPSNSAAEFSSLQSNTTSTW,4,-1,-19.000000000000004,40,2,0,2,1,3,0,0,0,0,3,0,3,4,2,2,9,5,3,1,0,0,0,0,2,2,0,0,0,0,0,1,0,1,0,62841.608278199994
